user.id,age
4876,30.0
12227,13.0
2898,26.0
12334,27.0
6489,21.0
7561,26.0
10953,27.0
169,21.0
13169,15.0
2693,29.0
13285,21.0
18999,22.0
10137,17.0
15254,16.0
17521,32.0
11804,23.0
8582,13.0
19318,18.0
18025,14.0
4909,29.0
3552,16.0
7830,24.0
14441,32.0
18226,28.0
12021,16.0
3286,21.0
16253,31.0
3243,28.0
9198,9.0
4912,25.0
10008,24.0
6603,26.0
5153,17.0
15610,27.0
2663,20.0
13236,15.0
14900,19.0
5992,24.0
9625,31.0
5467,15.0
5834,24.0
18631,14.0
4695,17.0
11126,27.0
766,27.0
10543,22.0
4800,28.0
17503,15.0
17609,22.0
9789,24.0
14505,22.0
17112,17.0
12330,22.0
12276,16.0
13948,16.0
6155,14.0
7143,28.0
7334,17.0
19160,15.0
989,23.0
18427,21.0
15427,17.0
2969,14.0
12267,22.0
8579,29.0
16772,18.0
5621,10.0
18820,15.0
3968,28.0
3251,22.0
9642,28.0
15697,23.0
16053,18.0
1365,21.0
17337,18.0
6287,25.0
14311,21.0
737,13.0
433,26.0
4731,25.0
13963,13.0
11889,19.0
15054,29.0
7174,26.0
14436,23.0
13910,22.0
4171,26.0
18714,27.0
16423,24.0
8288,16.0
11562,25.0
15101,26.0
7997,25.0
1922,22.0
18488,19.0
10829,24.0
19070,25.0
11012,16.0
2723,24.0
7113,18.0
15915,27.0
10945,20.0
4927,26.0
18841,15.0
13244,21.0
13616,21.0
6313,25.0
15706,16.0
15217,27.0
9328,23.0
10629,15.0
11770,17.0
1789,20.0
13492,17.0
17270,22.0
3371,10.0
17915,18.0
18067,18.0
10062,19.0
13823,25.0
6886,17.0
13245,25.0
9336,15.0
5388,29.0
9240,26.0
4778,26.0
16613,13.0
5723,11.0
5592,17.0
10485,37.0
4937,35.0
15778,26.0
3621,10.0
13360,20.0
4518,15.0
9762,25.0
4711,26.0
217,14.0
14422,28.0
4431,26.0
6482,14.0
1103,24.0
3895,24.0
10343,26.0
8652,29.0
5510,31.0
5348,29.0
5874,14.0
2023,18.0
5630,16.0
3160,15.0
13961,25.0
13323,23.0
16944,17.0
15167,21.0
4906,17.0
17672,18.0
18480,18.0
10717,17.0
8643,25.0
1315,22.0
9013,24.0
6407,23.0
3383,21.0
18588,26.0
17870,37.0
5940,20.0
12455,26.0
2603,22.0
19265,19.0
8281,16.0
2623,16.0
13315,27.0
13501,20.0
18569,10.0
4635,25.0
10765,31.0
13509,30.0
1906,27.0
172,14.0
2741,27.0
4459,19.0
13699,14.0
7306,14.0
19246,26.0
12191,24.0
2966,18.0
11277,16.0
10938,30.0
8044,21.0
15910,13.0
17644,22.0
1687,21.0
16355,22.0
4547,25.0
9988,19.0
8784,13.0
13720,15.0
13667,18.0
780,20.0
10303,23.0
11590,25.0
15065,36.0
7217,29.0
16067,28.0
3681,15.0
10000,14.0
7248,26.0
13980,26.0
16031,25.0
10611,33.0
14313,19.0
12548,28.0
3760,25.0
7986,21.0
12980,28.0
15609,13.0
9343,25.0
18696,16.0
8793,19.0
17695,20.0
3137,16.0
3626,16.0
14098,12.0
19186,16.0
9310,22.0
11289,26.0
14899,28.0
7636,15.0
17574,26.0
12492,25.0
8453,24.0
11060,31.0
10941,19.0
16959,25.0
4878,29.0
321,25.0
5774,35.0
4560,18.0
16952,21.0
9592,26.0
2246,14.0
18939,24.0
11184,22.0
6559,25.0
11380,22.0
8729,17.0
14160,15.0
15467,22.0
15503,25.0
16373,14.0
3768,18.0
17820,12.0
18709,20.0
1658,13.0
3297,16.0
8167,27.0
1893,14.0
18613,19.0
14133,22.0
184,23.0
2622,15.0
8102,19.0
19267,17.0
1923,15.0
17561,13.0
11268,19.0
14743,19.0
6994,21.0
1891,22.0
15556,24.0
14857,29.0
4358,24.0
2906,26.0
4794,20.0
6192,16.0
12842,22.0
14018,44.0
19131,29.0
2734,19.0
9574,19.0
8645,21.0
11297,27.0
17996,28.0
3007,15.0
3473,28.0
15903,15.0
1807,17.0
18412,22.0
13715,23.0
8066,20.0
12179,14.0
8772,18.0
5649,20.0
10763,13.0
5779,25.0
1306,29.0
12971,27.0
536,23.0
16958,27.0
976,15.0
14497,23.0
4147,21.0
4335,24.0
17380,22.0
10445,17.0
5568,15.0
7169,11.0
4856,14.0
4825,17.0
17140,26.0
29,19.0
15913,25.0
8853,22.0
7109,39.0
7178,24.0
15690,20.0
7309,22.0
4743,24.0
12621,11.0
10024,21.0
14955,18.0
17878,18.0
6346,31.0
7608,20.0
17569,17.0
10143,22.0
11900,29.0
14613,14.0
9365,26.0
7954,24.0
16878,22.0
10183,23.0
1842,17.0
5618,17.0
7546,22.0
2636,25.0
18323,17.0
7750,14.0
14245,24.0
6311,21.0
10314,12.0
11066,21.0
3862,24.0
13587,17.0
8994,23.0
10117,25.0
14284,34.0
13063,16.0
1181,21.0
15973,24.0
11561,17.0
1649,21.0
1597,14.0
6623,27.0
12952,22.0
6812,29.0
6413,23.0
17526,25.0
13029,17.0
5848,16.0
9337,23.0
10834,14.0
18690,18.0
10473,22.0
3321,19.0
6347,23.0
13993,25.0
13520,20.0
16976,29.0
5278,26.0
465,21.0
9513,17.0
17053,11.0
1142,24.0
11817,29.0
8965,21.0
14477,21.0
14459,19.0
16788,13.0
18512,24.0
17913,26.0
7833,24.0
271,21.0
11330,15.0
1662,15.0
7504,20.0
14906,13.0
9886,25.0
9366,25.0
14385,25.0
4496,13.0
13796,18.0
13226,24.0
4390,18.0
8903,24.0
12464,23.0
13738,14.0
8973,22.0
19219,25.0
12412,14.0
5831,26.0
4820,20.0
18582,21.0
16607,13.0
16456,31.0
4758,25.0
2626,24.0
14640,24.0
7870,29.0
1299,24.0
18227,27.0
3725,23.0
3805,21.0
6704,24.0
3219,25.0
3869,28.0
9311,27.0
13339,26.0
12372,17.0
10244,22.0
1983,29.0
14677,21.0
11122,21.0
3948,26.0
18621,17.0
11294,20.0
15413,12.0
11678,28.0
9527,27.0
9777,24.0
1298,25.0
11751,19.0
1237,14.0
8404,15.0
19251,20.0
10864,19.0
4377,25.0
15418,26.0
17851,25.0
1746,20.0
10453,28.0
8964,13.0
3053,16.0
6336,14.0
7753,24.0
14890,19.0
14808,21.0
7241,19.0
17903,20.0
18239,22.0
18864,24.0
409,18.0
14499,20.0
14595,13.0
424,17.0
8956,15.0
2883,25.0
18361,18.0
609,18.0
9,23.0
18204,17.0
16786,18.0
15907,24.0
19087,23.0
10791,18.0
5543,14.0
17865,15.0
18721,23.0
14830,26.0
4704,16.0
31,20.0
4812,14.0
5610,13.0
5435,14.0
6137,21.0
1123,12.0
11064,18.0
8766,19.0
16323,12.0
8914,23.0
17804,15.0
8860,26.0
15783,27.0
3390,15.0
6658,16.0
10350,16.0
795,24.0
1933,13.0
15085,27.0
11780,24.0
7959,26.0
17218,22.0
2178,15.0
6748,21.0
12266,21.0
2562,24.0
3284,18.0
6992,24.0
17793,15.0
13333,30.0
6156,30.0
6895,15.0
15849,16.0
4039,15.0
2521,28.0
7188,25.0
7090,12.0
4470,19.0
2293,21.0
10570,13.0
16180,24.0
4851,18.0
11304,20.0
1489,27.0
2487,26.0
15541,21.0
12020,16.0
16502,25.0
7449,27.0
9617,25.0
14220,25.0
1785,18.0
16209,28.0
12801,25.0
11300,21.0
764,19.0
710,15.0
16964,23.0
12788,13.0
15597,28.0
1066,28.0
13309,30.0
17275,26.0
1068,23.0
19037,19.0
18346,23.0
3600,23.0
15730,23.0
7260,17.0
3368,16.0
6369,37.0
16710,17.0
3644,25.0
15821,26.0
6265,24.0
16409,14.0
16771,17.0
15608,18.0
13135,25.0
17169,22.0
11347,24.0
18413,15.0
402,15.0
8616,29.0
13045,24.0
5579,19.0
9637,24.0
6071,19.0
12316,26.0
8069,14.0
12198,15.0
17867,19.0
16166,16.0
16673,16.0
10487,25.0
12112,19.0
16941,15.0
19320,21.0
11648,14.0
13989,14.0
12347,16.0
15442,23.0
11904,24.0
14351,21.0
9803,25.0
4575,31.0
14219,12.0
5684,26.0
10782,14.0
19221,24.0
2508,25.0
11820,15.0
666,19.0
18977,25.0
1109,22.0
16865,16.0
7327,16.0
5787,17.0
17090,13.0
10722,16.0
2196,21.0
8045,14.0
16763,20.0
1549,34.0
7370,29.0
4453,13.0
5252,25.0
466,29.0
16969,17.0
13561,25.0
14831,27.0
2083,27.0
11922,16.0
3964,27.0
1330,19.0
18245,19.0
16418,26.0
4286,36.0
10746,23.0
12868,16.0
8970,25.0
14293,19.0
16127,26.0
11971,14.0
13138,23.0
9716,26.0
10797,16.0
3883,18.0
11412,16.0
18572,14.0
3736,31.0
824,22.0
14745,18.0
15335,22.0
3006,30.0
1060,28.0
15325,19.0
15009,18.0
13163,13.0
9447,22.0
8192,21.0
11228,16.0
8985,18.0
5808,28.0
8644,18.0
6743,35.0
2704,17.0
1723,18.0
15373,17.0
12514,28.0
5921,21.0
11745,16.0
13527,23.0
1233,15.0
15765,13.0
9081,20.0
10138,14.0
6329,25.0
11164,22.0
770,26.0
8027,18.0
15062,15.0
147,48.0
6920,24.0
18108,31.0
7287,23.0
8823,19.0
13726,25.0
2568,20.0
17971,16.0
6139,15.0
13303,26.0
334,15.0
13324,22.0
7996,16.0
16738,20.0
4228,24.0
13336,23.0
10051,18.0
15992,26.0
5480,30.0
12870,21.0
13300,28.0
14109,24.0
12059,21.0
18404,19.0
8093,23.0
17089,23.0
13356,14.0
19152,24.0
15376,14.0
12658,27.0
14999,15.0
6164,22.0
15825,14.0
53,18.0
2088,25.0
16469,18.0
8034,26.0
19148,28.0
10877,14.0
10676,16.0
10200,22.0
15956,20.0
15251,18.0
8548,17.0
16686,14.0
779,16.0
5627,24.0
5374,16.0
7332,19.0
7277,22.0
12290,25.0
3677,16.0
8269,17.0
18169,29.0
18161,12.0
11393,26.0
11016,23.0
8996,22.0
12277,24.0
16557,23.0
5141,15.0
1895,29.0
13618,20.0
6453,28.0
6378,23.0
6640,27.0
11181,30.0
15449,27.0
5865,25.0
8130,33.0
3188,26.0
17739,15.0
3832,26.0
15629,21.0
14781,29.0
1683,30.0
14307,25.0
5710,24.0
19197,16.0
13505,34.0
6241,25.0
17647,38.0
12044,12.0
7721,21.0
4860,17.0
1048,27.0
13151,29.0
18624,25.0
15753,17.0
513,31.0
4669,16.0
18396,26.0
4696,14.0
6560,21.0
13461,16.0
4746,13.0
15108,19.0
123,29.0
12672,15.0
11232,31.0
12619,23.0
17790,13.0
2738,29.0
4549,24.0
9297,25.0
19109,16.0
5408,19.0
16421,26.0
3332,21.0
18580,27.0
3950,21.0
19085,17.0
16853,46.0
140,22.0
8593,14.0
1078,14.0
17535,15.0
9869,22.0
18606,20.0
15811,20.0
2123,14.0
6446,13.0
17544,22.0
9484,16.0
3267,22.0
8203,20.0
6649,15.0
9504,25.0
15090,17.0
17899,13.0
11257,23.0
14035,21.0
12786,23.0
10576,15.0
12036,19.0
16598,22.0
10194,16.0
9062,19.0
12817,24.0
4372,11.0
18625,16.0
7110,23.0
13901,21.0
15897,16.0
16286,22.0
12104,9.0
2620,24.0
3437,25.0
7702,17.0
14420,30.0
1556,22.0
3984,22.0
3361,30.0
15110,20.0
4054,21.0
5904,26.0
10455,27.0
12982,20.0
15812,17.0
9329,12.0
7974,22.0
13064,13.0
11552,24.0
5113,19.0
15929,25.0
9990,22.0
8195,18.0
13568,28.0
12712,23.0
16722,30.0
18448,26.0
17940,16.0
2363,21.0
13473,15.0
11479,12.0
7341,15.0
10537,25.0
16439,22.0
6310,19.0
8262,21.0
13607,29.0
3151,11.0
18441,19.0
503,32.0
11844,15.0
3956,22.0
14325,26.0
18498,32.0
2526,22.0
624,12.0
9048,19.0
13898,24.0
6158,27.0
13547,31.0
12808,19.0
13409,12.0
6408,20.0
5617,17.0
5410,24.0
18343,22.0
15874,16.0
17861,16.0
6131,20.0
17358,23.0
17540,20.0
4890,16.0
4433,21.0
16102,16.0
9766,17.0
312,26.0
17319,29.0
617,26.0
3532,26.0
969,28.0
8314,18.0
10672,31.0
1883,15.0
15557,9.0
2113,18.0
7838,10.0
5150,33.0
1643,22.0
7678,25.0
1844,17.0
18100,18.0
19153,16.0
11736,14.0
1408,15.0
11535,23.0
9822,17.0
12690,16.0
6611,24.0
6821,20.0
4905,20.0
4323,22.0
11657,12.0
9981,28.0
8218,23.0
8012,13.0
11292,26.0
11118,19.0
5157,27.0
7821,20.0
2018,23.0
17083,23.0
19227,29.0
9263,11.0
11886,14.0
14413,21.0
17720,23.0
15249,14.0
5112,25.0
10686,26.0
5208,17.0
3511,19.0
14288,15.0
8876,14.0
17015,25.0
1538,20.0
17092,20.0
11919,19.0
1429,24.0
5772,25.0
11400,25.0
13870,24.0
14877,13.0
15828,15.0
18555,19.0
9390,41.0
33,17.0
18468,19.0
11210,17.0
15411,17.0
9601,14.0
12766,24.0
17852,28.0
3991,21.0
7073,19.0
11324,18.0
13109,14.0
6650,12.0
8256,14.0
17775,28.0
16443,22.0
17530,19.0
9714,17.0
5443,20.0
14215,25.0
12956,24.0
18623,22.0
6443,16.0
12511,27.0
8182,39.0
17439,24.0
14859,25.0
8171,19.0
7780,14.0
7331,28.0
19068,16.0
3096,23.0
4668,26.0
18212,20.0
12517,14.0
13921,28.0
8225,31.0
5164,22.0
19244,22.0
9998,14.0
8118,21.0
8351,26.0
7863,28.0
11182,18.0
14359,18.0
9016,15.0
9118,18.0
8857,15.0
17579,23.0
14020,20.0
16791,14.0
6395,13.0
3977,25.0
6979,24.0
6419,19.0
3374,30.0
3303,26.0
13467,20.0
18499,14.0
14308,18.0
11975,27.0
18773,16.0
9520,28.0
15975,22.0
15513,26.0
13819,21.0
17298,19.0
3147,24.0
16211,31.0
13761,14.0
9220,27.0
16317,25.0
3373,20.0
5143,25.0
1338,23.0
18181,37.0
6911,24.0
2480,20.0
18050,22.0
7936,29.0
5712,22.0
13755,28.0
6950,24.0
15564,22.0
1258,14.0
2441,16.0
12643,13.0
14692,19.0
10384,26.0
5647,30.0
2900,26.0
11455,23.0
17929,16.0
14045,17.0
8742,18.0
12203,26.0
13490,18.0
12043,19.0
13039,24.0
10560,23.0
1876,18.0
11093,16.0
6102,24.0
15532,31.0
8006,18.0
12743,24.0
10956,24.0
7901,20.0
11069,24.0
13733,26.0
17406,13.0
1783,22.0
12323,15.0
15403,14.0
12526,18.0
12356,24.0
18092,22.0
17297,25.0
11050,14.0
18326,13.0
2788,25.0
15275,26.0
8051,18.0
18280,23.0
18288,13.0
5102,27.0
4338,27.0
10003,26.0
589,14.0
2795,29.0
14866,26.0
6975,22.0
13030,22.0
7898,17.0
15446,13.0
3756,18.0
9068,16.0
3699,29.0
14268,25.0
16521,25.0
8527,16.0
834,22.0
12950,17.0
18963,26.0
8706,24.0
10386,24.0
10952,22.0
3106,14.0
15986,22.0
1652,12.0
413,15.0
18930,24.0
17231,24.0
1587,19.0
2067,15.0
6805,22.0
11326,23.0
673,18.0
7591,13.0
1750,13.0
9368,17.0
13419,27.0
9695,30.0
10871,24.0
9208,17.0
9580,20.0
6197,23.0
16277,16.0
16748,21.0
1422,31.0
3346,28.0
11771,12.0
8357,13.0
11841,25.0
5054,20.0
4420,17.0
18885,17.0
11589,19.0
3470,26.0
3319,17.0
9609,14.0
14148,18.0
5484,18.0
6143,24.0
2038,15.0
11443,18.0
5314,22.0
2512,26.0
5516,20.0
11208,25.0
1406,26.0
12720,29.0
5965,29.0
14758,16.0
1319,16.0
13691,21.0
18039,29.0
12095,24.0
3063,18.0
17361,24.0
17759,21.0
13117,16.0
8830,20.0
8048,23.0
14718,23.0
16519,14.0
11381,13.0
10331,14.0
8519,14.0
15122,18.0
3923,16.0
17007,27.0
11441,19.0
6899,19.0
4258,23.0
5177,28.0
722,28.0
15628,27.0
7639,15.0
10153,23.0
7745,31.0
7428,11.0
14028,25.0
3609,19.0
1689,23.0
5596,13.0
14771,24.0
16146,16.0
2829,26.0
18163,25.0
6947,17.0
10397,20.0
3799,25.0
4013,29.0
2769,26.0
8035,18.0
14319,19.0
5270,18.0
17877,23.0
11911,14.0
3177,42.0
6121,16.0
12235,21.0
9793,17.0
8938,15.0
10580,20.0
3614,13.0
5021,17.0
4566,15.0
38,26.0
11256,24.0
18592,22.0
10273,28.0
10519,24.0
2485,19.0
15174,26.0
3441,22.0
7470,29.0
1739,11.0
15059,17.0
5951,23.0
6823,21.0
15720,35.0
6542,19.0
19261,28.0
6710,13.0
1742,26.0
15754,26.0
9547,25.0
13840,11.0
1386,25.0
6869,20.0
9723,19.0
15759,30.0
12238,13.0
16327,17.0
3520,19.0
16506,18.0
18258,15.0
13404,20.0
2685,21.0
18453,13.0
18440,24.0
16345,16.0
16963,19.0
14094,13.0
6528,25.0
4929,24.0
7771,25.0
17436,15.0
10451,37.0
2310,27.0
3118,17.0
13055,21.0
305,33.0
2767,34.0
7931,17.0
4897,33.0
8429,12.0
10967,25.0
3045,25.0
13396,23.0
529,18.0
7602,25.0
18482,17.0
11671,23.0
13519,17.0
8386,14.0
14674,15.0
1217,24.0
13119,15.0
18014,26.0
9064,35.0
2988,16.0
3499,24.0
11061,29.0
4301,21.0
7320,27.0
72,20.0
2025,16.0
9620,14.0
18208,33.0
12187,26.0
8738,32.0
17603,12.0
8255,24.0
7194,15.0
15409,25.0
221,28.0
10348,21.0
2274,22.0
517,22.0
2261,27.0
11835,15.0
9207,22.0
14996,24.0
5835,20.0
17101,17.0
14749,24.0
19058,17.0
1774,26.0
10400,21.0
771,15.0
13047,18.0
12236,17.0
14228,25.0
12954,31.0
1235,29.0
10218,27.0
9836,15.0
4809,30.0
7553,25.0
9699,21.0
6939,19.0
5761,27.0
16199,16.0
2989,31.0
15458,22.0
11769,26.0
5609,16.0
13007,20.0
7112,26.0
9372,24.0
8462,28.0
6578,18.0
15046,17.0
14427,28.0
759,27.0
14604,29.0
8063,25.0
18428,19.0
15183,25.0
9133,30.0
2120,14.0
18664,16.0
1384,17.0
9775,13.0
16318,30.0
6856,15.0
2535,23.0
18676,24.0
5960,31.0
3573,25.0
16757,26.0
6563,22.0
16532,21.0
16904,18.0
4316,25.0
17721,27.0
13106,25.0
2259,27.0
4051,16.0
19135,33.0
8790,23.0
14575,17.0
17165,31.0
12760,19.0
5442,15.0
14649,27.0
2758,25.0
15761,22.0
16641,26.0
3592,23.0
564,21.0
18223,26.0
14033,21.0
13896,16.0
12426,28.0
12729,27.0
6848,22.0
8426,28.0
13481,23.0
2374,29.0
3155,25.0
16942,18.0
17117,29.0
16367,24.0
10245,19.0
5336,23.0
9078,30.0
2737,23.0
14430,15.0
4965,18.0
12060,25.0
2092,21.0
11170,21.0
11358,32.0
6655,37.0
5611,21.0
19172,17.0
3698,14.0
2468,26.0
16475,17.0
6712,20.0
6384,27.0
17944,25.0
7532,23.0
12206,21.0
7456,22.0
15679,24.0
19054,21.0
7774,17.0
9692,15.0
1009,14.0
7173,26.0
16139,26.0
19259,18.0
6348,17.0
9666,23.0
18164,17.0
330,16.0
5788,20.0
15709,30.0
10321,18.0
2216,15.0
17869,26.0
7412,17.0
17281,27.0
8264,11.0
15756,22.0
7576,15.0
4641,19.0
16075,18.0
9655,35.0
19257,17.0
13624,27.0
2335,16.0
5228,25.0
718,26.0
18860,13.0
9644,26.0
8618,16.0
18308,28.0
6074,14.0
11178,18.0
3386,14.0
13976,22.0
7982,16.0
16581,13.0
6380,30.0
6129,25.0
12378,26.0
16601,22.0
11251,13.0
8557,15.0
13928,16.0
15615,41.0
16784,17.0
16516,26.0
10229,18.0
3076,15.0
17658,34.0
16948,21.0
10436,19.0
8819,20.0
9667,26.0
17175,26.0
11677,20.0
1086,26.0
2922,17.0
6043,14.0
7623,26.0
8900,15.0
778,14.0
2182,21.0
5304,15.0
18170,15.0
4298,23.0
10664,14.0
3504,24.0
9971,19.0
14867,22.0
5077,27.0
18024,21.0
11945,18.0
17825,21.0
1450,24.0
7429,23.0
8428,30.0
6651,20.0
11062,16.0
10209,16.0
5755,26.0
2439,25.0
4533,19.0
5805,26.0
12051,13.0
12027,24.0
3417,24.0
9898,19.0
7536,16.0
13801,13.0
2154,23.0
1293,23.0
11189,22.0
6107,16.0
19076,20.0
2386,23.0
3617,25.0
2686,29.0
4072,17.0
15665,26.0
8810,17.0
6135,12.0
17108,27.0
8609,28.0
16797,24.0
6118,20.0
16015,14.0
4346,19.0
887,16.0
9141,21.0
12152,16.0
17153,15.0
18035,17.0
18146,21.0
5856,30.0
2300,21.0
8569,18.0
1360,25.0
17335,21.0
1849,20.0
8120,14.0
7894,27.0
13737,21.0
5202,21.0
4826,26.0
13079,23.0
16489,23.0
3774,23.0
8506,17.0
1478,23.0
10900,18.0
7539,17.0
16849,16.0
14702,17.0
8530,13.0
6628,30.0
11167,32.0
16931,18.0
7535,17.0
10288,20.0
13422,25.0
3663,26.0
13748,24.0
16401,21.0
16514,25.0
18978,24.0
1187,20.0
17289,23.0
11527,19.0
5367,27.0
12864,19.0
19304,19.0
17239,11.0
1588,15.0
10702,28.0
17359,23.0
16634,16.0
4206,22.0
16974,25.0
15575,17.0
5369,17.0
6238,13.0
3697,33.0
18294,11.0
15316,16.0
15647,24.0
17400,21.0
18804,30.0
1423,26.0
10411,28.0
4846,13.0
18730,22.0
17801,28.0
598,15.0
4914,27.0
7767,24.0
11320,29.0
12226,28.0
7362,17.0
13329,27.0
17507,24.0
2062,25.0
17413,16.0
16721,25.0
4176,16.0
2991,15.0
14850,13.0
4585,29.0
5324,23.0
458,23.0
12406,23.0
6679,25.0
5206,17.0
15147,17.0
8382,23.0
11161,15.0
14527,15.0
7197,27.0
16056,26.0
3911,12.0
9876,17.0
9562,25.0
8072,24.0
5946,23.0
6646,14.0
5725,16.0
16276,16.0
9271,27.0
19075,17.0
11931,22.0
1143,15.0
1393,24.0
7619,12.0
7886,22.0
3742,17.0
6521,16.0
11213,29.0
15791,24.0
6426,14.0
4443,18.0
1470,23.0
1788,26.0
7892,19.0
16406,14.0
2716,18.0
11034,19.0
16867,14.0
15117,25.0
4981,21.0
8277,16.0
15525,25.0
9551,27.0
11105,31.0
11234,19.0
13385,18.0
5783,26.0
8981,15.0
3870,9.0
1580,15.0
516,19.0
11761,37.0
12494,25.0
13858,15.0
16965,13.0
2744,38.0
12749,12.0
1494,19.0
1363,20.0
18641,25.0
11502,18.0
16833,15.0
607,22.0
8858,29.0
2857,17.0
2720,10.0
15571,17.0
8468,22.0
15686,31.0
740,21.0
6476,29.0
8145,26.0
16231,19.0
578,11.0
119,22.0
4715,12.0
19214,27.0
12467,27.0
4486,13.0
11540,25.0
3556,14.0
1837,31.0
16279,20.0
18373,15.0
1929,14.0
8780,21.0
2087,24.0
4287,17.0
8479,41.0
9888,25.0
2968,22.0
14078,14.0
14442,21.0
229,15.0
14426,24.0
2199,25.0
11343,26.0
18089,17.0
9376,25.0
1084,18.0
15704,29.0
15870,21.0
7983,25.0
8236,21.0
4650,26.0
17827,23.0
11154,28.0
10402,31.0
3550,27.0
11448,22.0
3323,16.0
2551,28.0
9700,21.0
3695,30.0
6067,17.0
604,17.0
7244,25.0
4259,26.0
8907,24.0
3775,28.0
1127,19.0
12844,21.0
12147,15.0
3962,20.0
13583,15.0
16288,33.0
2897,19.0
827,27.0
1075,19.0
6114,30.0
13498,20.0
11974,17.0
2837,17.0
13120,19.0
10090,27.0
15258,22.0
105,18.0
18996,21.0
3432,25.0
4903,15.0
3420,18.0
12976,16.0
8315,22.0
1863,21.0
8227,25.0
14431,21.0
11731,18.0
15648,21.0
584,14.0
10139,14.0
5655,15.0
13695,16.0
12298,24.0
10540,28.0
5192,22.0
13836,23.0
4465,12.0
13384,26.0
10805,32.0
1866,20.0
11767,29.0
14910,16.0
333,13.0
15734,27.0
16282,30.0
18069,16.0
5799,15.0
3891,27.0
5281,25.0
2908,23.0
16325,24.0
13651,19.0
2134,24.0
13779,17.0
15452,24.0
10804,17.0
3369,19.0
17665,24.0
4371,11.0
18276,18.0
417,15.0
8890,21.0
9233,27.0
16812,23.0
6662,28.0
2267,14.0
3650,23.0
1110,18.0
5922,28.0
17247,27.0
8635,19.0
19209,19.0
416,22.0
7108,21.0
9298,22.0
19021,10.0
8376,17.0
5184,14.0
6427,24.0
18316,24.0
5144,19.0
5403,20.0
15750,15.0
11317,17.0
18852,13.0
8178,30.0
12499,18.0
12066,16.0
15518,27.0
5432,18.0
9864,22.0
1486,15.0
9083,26.0
17570,20.0
13272,22.0
19194,30.0
15906,22.0
4921,18.0
1354,16.0
3716,20.0
18504,21.0
1426,25.0
5840,17.0
11000,18.0
17836,19.0
18189,15.0
7371,15.0
13010,14.0
11007,17.0
15354,17.0
3338,17.0
15776,15.0
11219,28.0
5719,24.0
1263,18.0
8656,27.0
10889,19.0
8359,33.0
12254,16.0
16464,27.0
530,14.0
3289,17.0
9616,23.0
1329,24.0
14384,9.0
6345,24.0
10463,28.0
10129,26.0
16131,28.0
6670,24.0
15771,12.0
10695,16.0
7714,25.0
1776,29.0
7045,12.0
8564,30.0
5941,28.0
8498,14.0
12140,23.0
13414,15.0
4380,12.0
10472,24.0
17078,23.0
17042,24.0
8080,28.0
17096,25.0
4413,11.0
12951,22.0
12309,28.0
2645,17.0
13058,16.0
13573,20.0
14638,17.0
7011,27.0
1799,26.0
16887,15.0
2198,25.0
13655,21.0
10064,22.0
12876,19.0
18734,14.0
12360,14.0
18539,13.0
5923,15.0
8183,23.0
2846,25.0
15515,20.0
4729,17.0
19188,25.0
9792,29.0
10247,27.0
10065,26.0
9475,13.0
18924,29.0
10307,30.0
6223,16.0
17956,17.0
10250,24.0
5209,26.0
18112,35.0
6816,21.0
4042,16.0
16239,18.0
2333,22.0
16292,11.0
8792,18.0
2462,22.0
801,14.0
2886,22.0
5750,23.0
613,32.0
6985,13.0
11199,30.0
6494,17.0
14195,15.0
16092,29.0
17859,23.0
2935,30.0
15454,15.0
7400,34.0
9090,16.0
17338,17.0
3605,12.0
12622,23.0
10379,20.0
8268,26.0
13562,30.0
11366,13.0
5919,20.0
12576,32.0
5319,15.0
1189,25.0
13277,16.0
6358,20.0
16670,16.0
7885,17.0
14787,16.0
5879,26.0
15672,23.0
18969,14.0
1102,26.0
6500,24.0
18752,21.0
2633,15.0
8449,18.0
15858,25.0
15193,25.0
18354,23.0
14352,15.0
5864,19.0
10670,18.0
12525,19.0
17894,12.0
15289,14.0
7009,16.0
18713,18.0
14578,32.0
13965,11.0
8871,21.0
2032,16.0
9561,13.0
18473,25.0
10267,23.0
13435,25.0
16374,25.0
3890,29.0
3236,16.0
7303,25.0
8605,27.0
14756,16.0
1877,19.0
10521,23.0
9407,23.0
16747,17.0
6921,21.0
18729,19.0
12055,29.0
15038,18.0
11957,15.0
2200,36.0
11781,28.0
5307,17.0
14417,18.0
6440,14.0
12799,24.0
15363,26.0
6437,32.0
6722,13.0
12448,17.0
14446,21.0
5775,19.0
18056,28.0
13597,23.0
1898,26.0
14767,27.0
13523,13.0
16461,22.0
2226,29.0
18426,20.0
15104,11.0
13447,19.0
4111,16.0
1626,14.0
10135,22.0
18521,28.0
145,27.0
379,19.0
10663,28.0
270,26.0
5427,26.0
6483,25.0
10769,19.0
10027,25.0
10908,28.0
11837,25.0
12896,17.0
16012,19.0
18814,28.0
16312,14.0
13731,28.0
1865,20.0
5732,14.0
12912,13.0
17356,21.0
4936,23.0
3381,12.0
17967,37.0
10716,20.0
10598,23.0
11755,20.0
9386,27.0
8340,18.0
8875,31.0
1731,21.0
12399,23.0
9422,15.0
4215,17.0
7937,25.0
6024,20.0
12591,21.0
7281,27.0
8751,15.0
16957,23.0
6799,27.0
19213,23.0
703,20.0
16071,22.0
5613,22.0
16495,29.0
18913,18.0
2370,18.0
435,23.0
5925,15.0
3913,18.0
5062,25.0
9951,28.0
486,23.0
2867,26.0
12123,24.0
1859,30.0
996,21.0
11860,11.0
11892,35.0
10,26.0
16548,18.0
10807,26.0
12926,32.0
1407,24.0
18252,31.0
11209,14.0
4947,28.0
10001,26.0
17843,29.0
13734,14.0
2850,23.0
17746,23.0
11712,32.0
16161,22.0
14636,14.0
1472,29.0
4831,27.0
5714,15.0
10440,20.0
1963,20.0
17107,21.0
10745,17.0
11962,31.0
6953,18.0
6870,25.0
7744,21.0
16715,17.0
9295,26.0
3493,16.0
7417,23.0
124,23.0
5397,32.0
10812,19.0
14226,30.0
410,26.0
4495,10.0
59,25.0
14661,34.0
7177,23.0
4341,16.0
11198,23.0
12796,29.0
6255,20.0
17902,12.0
6193,30.0
4118,22.0
9629,12.0
19143,14.0
12474,25.0
8827,15.0
12660,21.0
10520,25.0
13318,15.0
1850,28.0
3088,26.0
6250,25.0
15786,17.0
7781,19.0
7906,28.0
18106,15.0
18195,20.0
14285,16.0
6786,17.0
9517,27.0
13834,21.0
11968,34.0
17392,22.0
13257,14.0
3939,24.0
13613,15.0
4082,26.0
12148,23.0
3278,22.0
8536,31.0
222,28.0
17932,21.0
11995,24.0
6627,13.0
5554,18.0
2160,12.0
18598,26.0
5786,14.0
2080,27.0
14114,17.0
4522,18.0
5128,23.0
6894,14.0
15130,24.0
16202,28.0
1615,32.0
13984,15.0
13776,14.0
4419,28.0
9925,15.0
15807,25.0
14675,19.0
18320,21.0
17054,13.0
5320,16.0
12995,12.0
10048,25.0
4061,24.0
10591,19.0
16863,25.0
3072,16.0
13803,24.0
4480,24.0
6511,14.0
18689,23.0
16050,24.0
10641,16.0
16709,20.0
5338,21.0
2438,21.0
10054,16.0
17050,22.0
18046,26.0
16361,17.0
17434,25.0
19286,23.0
4727,23.0
10557,22.0
9197,25.0
4611,21.0
5100,17.0
18315,17.0
16554,24.0
7111,35.0
13908,24.0
12653,28.0
14444,14.0
7266,16.0
15208,18.0
18871,36.0
9605,17.0
11661,17.0
15744,21.0
3967,18.0
2506,19.0
2372,22.0
13215,26.0
11157,16.0
1098,25.0
12067,14.0
577,22.0
35,19.0
2007,27.0
8909,15.0
6566,21.0
15510,20.0
13211,17.0
16984,18.0
2566,19.0
15562,25.0
16310,17.0
3097,15.0
15864,34.0
2930,25.0
5818,22.0
13281,22.0
17751,27.0
11647,18.0
14158,19.0
304,19.0
17558,13.0
2697,22.0
17079,23.0
12393,27.0
18722,20.0
16927,24.0
3036,25.0
3425,22.0
14711,25.0
15441,13.0
1398,39.0
13818,21.0
7951,22.0
15586,16.0
4705,27.0
3394,27.0
670,14.0
14223,13.0
18411,20.0
16749,20.0
11278,17.0
16520,18.0
2313,31.0
11172,28.0
8177,25.0
1589,32.0
7598,28.0
12162,29.0
10787,22.0
3933,22.0
4285,27.0
2859,22.0
9344,16.0
4993,19.0
4016,24.0
471,26.0
13663,20.0
17187,32.0
6824,20.0
13115,23.0
3543,18.0
7350,41.0
15853,19.0
7588,20.0
4073,14.0
16732,15.0
3445,28.0
8094,28.0
4726,15.0
12483,29.0
14232,21.0
886,17.0
14149,28.0
1639,20.0
17351,25.0
1151,10.0
12006,23.0
14615,15.0
1798,21.0
12482,25.0
19206,25.0
11341,25.0
9635,23.0
15860,26.0
13068,14.0
5019,16.0
14154,17.0
15112,17.0
11722,20.0
18661,22.0
14218,31.0
5047,15.0
18674,15.0
16562,20.0
12205,26.0
17949,33.0
16452,25.0
17532,20.0
14433,18.0
17355,30.0
18116,15.0
11901,24.0
18271,22.0
4707,17.0
1400,14.0
3935,21.0
4213,14.0
19254,20.0
5744,13.0
4038,25.0
4248,20.0
9322,26.0
14879,19.0
17116,18.0
13878,19.0
2407,22.0
13723,13.0
10345,23.0
14559,29.0
4441,18.0
7040,19.0
7461,20.0
15066,26.0
1002,12.0
155,29.0
12225,32.0
1437,22.0
185,33.0
8119,27.0
2129,16.0
5073,25.0
16000,16.0
4265,28.0
3276,29.0
7587,16.0
14836,18.0
18554,20.0
5302,18.0
5757,26.0
9634,24.0
14242,24.0
18422,25.0
19234,18.0
9964,24.0
11432,17.0
1644,15.0
6105,16.0
8627,23.0
5634,14.0
18577,12.0
19303,24.0
8632,18.0
13497,22.0
83,26.0
4155,14.0
13412,14.0
16765,31.0
18229,15.0
250,24.0
17264,26.0
1647,25.0
4008,28.0
3068,23.0
10029,23.0
11959,17.0
11685,19.0
7844,16.0
5970,30.0
10781,22.0
3548,25.0
7058,18.0
17821,18.0
8205,23.0
7149,25.0
8897,22.0
8043,17.0
16989,25.0
1332,27.0
17074,25.0
5930,19.0
4968,16.0
3453,21.0
14815,22.0
11655,23.0
1246,23.0
6828,20.0
11271,34.0
13657,17.0
17552,20.0
17088,14.0
9265,33.0
7531,22.0
120,17.0
1623,14.0
10631,13.0
480,15.0
2411,16.0
488,17.0
6890,19.0
1295,22.0
9805,10.0
5368,27.0
8078,22.0
16326,13.0
10645,20.0
3718,23.0
8003,24.0
15817,21.0
15126,24.0
10185,24.0
14253,14.0
14628,18.0
6123,14.0
5991,25.0
6058,25.0
13945,17.0
10888,18.0
1017,17.0
13735,18.0
18805,14.0
10942,15.0
13999,18.0
18565,26.0
13113,27.0
936,14.0
13800,41.0
5483,18.0
11705,16.0
18571,13.0
11866,20.0
1684,28.0
16991,28.0
18296,16.0
14936,22.0
1805,16.0
10429,15.0
5244,23.0
4917,14.0
6504,20.0
2193,19.0
1377,14.0
12708,20.0
1239,30.0
2241,28.0
16289,16.0
10246,26.0
2166,28.0
11385,30.0
12529,14.0
6523,31.0
15077,18.0
12809,17.0
4979,22.0
2975,16.0
4618,15.0
11010,14.0
9576,17.0
9739,20.0
14959,26.0
1034,22.0
11139,25.0
17882,24.0
11017,20.0
18192,15.0
10878,18.0
7554,26.0
19312,15.0
8302,24.0
5251,19.0
1967,13.0
15226,28.0
5501,27.0
4032,25.0
13167,24.0
137,28.0
14853,22.0
13340,15.0
1576,13.0
830,25.0
9578,17.0
6100,19.0
9255,15.0
10911,16.0
167,18.0
17207,22.0
9147,23.0
16083,22.0
15667,15.0
16898,16.0
325,10.0
1645,28.0
18912,19.0
14418,25.0
17792,16.0
2561,15.0
6927,29.0
12408,20.0
5489,16.0
2189,25.0
3376,18.0
6442,18.0
18222,13.0
15053,14.0
18214,23.0
4720,24.0
9105,30.0
681,17.0
15190,22.0
14146,13.0
3735,20.0
11009,23.0
1680,23.0
15034,25.0
11734,21.0
5661,18.0
2035,39.0
27,18.0
15360,20.0
3049,24.0
8033,24.0
5078,18.0
4955,22.0
6399,14.0
9338,26.0
11,27.0
13919,16.0
12166,24.0
15680,20.0
14382,18.0
18909,22.0
10527,16.0
5017,25.0
7940,23.0
4948,26.0
8699,17.0
8967,22.0
13416,15.0
4590,17.0
10230,25.0
6132,13.0
15568,21.0
204,14.0
14504,27.0
14668,28.0
10890,17.0
18983,14.0
7708,20.0
9443,16.0
11765,27.0
10847,17.0
6785,11.0
16357,14.0
16897,29.0
7369,30.0
4382,29.0
6474,30.0
1715,25.0
546,14.0
4437,27.0
142,25.0
8129,26.0
15431,26.0
3772,25.0
6270,20.0
7262,17.0
4576,14.0
19099,19.0
10275,26.0
16744,18.0
15070,22.0
2044,28.0
8528,33.0
14826,21.0
3078,32.0
2036,21.0
6767,27.0
14560,21.0
11408,16.0
16612,24.0
12617,28.0
9827,20.0
12244,27.0
7876,16.0
15921,22.0
10500,25.0
16494,20.0
7890,17.0
18750,23.0
8840,25.0
8020,27.0
8698,13.0
17151,23.0
20,25.0
9465,16.0
10409,22.0
17515,15.0
11014,15.0
4859,20.0
12168,28.0
2237,24.0
4434,22.0
9675,23.0
11252,24.0
6125,22.0
15166,17.0
6501,20.0
11876,29.0
4716,21.0
13680,20.0
15240,26.0
13465,26.0
1085,13.0
401,18.0
126,21.0
19014,26.0
1852,26.0
1619,24.0
16293,20.0
1166,30.0
3854,26.0
3988,19.0
15663,27.0
16145,27.0
14686,25.0
7763,26.0
4085,21.0
2714,11.0
8289,30.0
18386,28.0
14691,25.0
3544,31.0
3098,15.0
7946,24.0
9983,25.0
18486,21.0
13305,15.0
7424,12.0
15191,23.0
15302,26.0
9606,23.0
4003,18.0
15260,21.0
4588,28.0
13514,21.0
16229,19.0
17874,26.0
16218,23.0
17384,28.0
18393,23.0
3700,27.0
16165,17.0
15526,29.0
2690,29.0
1432,22.0
14873,17.0
17529,26.0
4571,20.0
2511,21.0
749,18.0
1162,24.0
2398,14.0
16803,15.0
6206,25.0
13848,14.0
10327,23.0
3052,24.0
3749,23.0
4870,25.0
17924,16.0
8230,29.0
12381,26.0
11924,15.0
3973,22.0
3829,20.0
15093,15.0
19305,31.0
8773,17.0
1219,15.0
7903,30.0
17586,25.0
919,31.0
16848,26.0
4412,11.0
13706,24.0
15841,15.0
10373,12.0
2337,28.0
19241,19.0
13582,18.0
761,33.0
7638,21.0
3427,34.0
18365,24.0
1994,19.0
17648,22.0
15224,29.0
15474,31.0
6877,23.0
10096,24.0
16265,25.0
17768,16.0
12342,20.0
14598,18.0
11576,14.0
5751,16.0
14574,29.0
18047,15.0
6495,21.0
16035,15.0
1781,25.0
14463,29.0
16643,19.0
11506,18.0
15743,16.0
16167,21.0
18304,14.0
723,15.0
11008,26.0
5495,15.0
5268,21.0
14341,15.0
15905,20.0
17774,14.0
7042,17.0
14470,25.0
4150,24.0
8913,17.0
8640,28.0
2582,15.0
5521,14.0
1521,16.0
3127,24.0
11550,20.0
2972,19.0
772,21.0
17062,16.0
19275,23.0
1760,25.0
15978,16.0
12728,25.0
1311,20.0
6844,17.0
6415,24.0
12820,24.0
15230,26.0
18321,22.0
10206,26.0
11437,14.0
290,20.0
15631,20.0
10595,16.0
10437,23.0
16315,25.0
1811,20.0
9483,18.0
7022,21.0
14943,20.0
5854,22.0
15886,22.0
12915,27.0
8412,20.0
19039,25.0
12873,24.0
6042,20.0
16596,24.0
17468,12.0
7552,23.0
9423,16.0
6262,25.0
5362,23.0
9533,13.0
18779,24.0
3135,17.0
18733,29.0
6835,25.0
15543,29.0
17402,28.0
378,23.0
16646,23.0
6859,23.0
9239,14.0
14611,20.0
1483,16.0
1716,26.0
9726,32.0
12522,31.0
18211,17.0
17943,20.0
14552,23.0
10390,23.0
6916,17.0
9148,21.0
392,29.0
18362,23.0
11259,21.0
3309,22.0
8997,26.0
10391,29.0
4357,28.0
4031,15.0
11750,29.0
11436,16.0
3662,19.0
1796,18.0
9199,19.0
15799,20.0
12888,21.0
7148,26.0
8586,14.0
7157,24.0
962,13.0
11335,29.0
16593,28.0
5455,23.0
15590,15.0
2600,16.0
3405,15.0
12520,18.0
12991,17.0
4531,31.0
9367,26.0
10985,19.0
14557,27.0
11923,19.0
12699,20.0
14922,27.0
12097,16.0
13014,17.0
9972,21.0
4250,13.0
8803,13.0
11764,15.0
14947,29.0
2712,15.0
12258,19.0
4367,26.0
18218,26.0
11389,29.0
10363,19.0
3093,24.0
4541,22.0
8408,16.0
7388,11.0
6316,15.0
15206,33.0
8879,15.0
12816,16.0
8945,23.0
9286,31.0
17136,23.0
4076,20.0
18707,22.0
1854,26.0
7186,23.0
3876,22.0
1036,26.0
18560,15.0
13006,18.0
2068,14.0
7864,24.0
13869,18.0
15465,11.0
14277,31.0
1190,16.0
17235,17.0
10838,16.0
4789,27.0
8179,33.0
8112,22.0
12731,21.0
12671,19.0
48,24.0
6614,23.0
9235,24.0
144,26.0
12091,16.0
5803,22.0
1864,22.0
341,25.0
18068,20.0
17139,26.0
587,18.0
10982,19.0
11349,29.0
4175,25.0
17958,20.0
19043,21.0
12008,28.0
1887,24.0
387,15.0
18179,27.0
9467,19.0
10118,17.0
4025,23.0
13594,31.0
11492,22.0
16114,18.0
19216,19.0
8561,29.0
7915,25.0
11378,21.0
8401,30.0
6771,19.0
468,23.0
17470,23.0
108,23.0
11032,22.0
18886,26.0
9901,23.0
13923,13.0
7036,23.0
17012,15.0
18699,24.0
17417,14.0
1107,24.0
7519,27.0
15985,28.0
7704,28.0
7661,24.0
13912,18.0
5412,15.0
11865,12.0
17100,23.0
8740,25.0
1480,23.0
6205,26.0
2557,19.0
2019,25.0
6518,28.0
10603,24.0
16838,22.0
14039,16.0
18331,29.0
14659,24.0
8252,13.0
6588,24.0
4842,21.0
18881,18.0
3494,16.0
7062,19.0
15284,28.0
13366,19.0
2855,14.0
8242,19.0
6062,20.0
18546,17.0
1051,21.0
2648,23.0
8475,22.0
3563,16.0
19025,19.0
1458,16.0
4278,29.0
16856,12.0
9597,22.0
2682,27.0
4828,24.0
2611,25.0
18461,21.0
4747,19.0
18036,23.0
16280,18.0
16235,21.0
10755,28.0
17795,15.0
11966,22.0
4471,17.0
9347,16.0
11927,24.0
8664,22.0
496,25.0
16940,14.0
4874,19.0
15798,17.0
3837,15.0
3527,24.0
15868,19.0
19300,28.0
4843,24.0
36,26.0
5214,36.0
9883,16.0
15144,15.0
1758,22.0
2271,44.0
12082,27.0
2849,25.0
18538,25.0
16584,21.0
17872,19.0
6936,22.0
3998,17.0
8901,26.0
14971,22.0
6222,20.0
3220,17.0
5479,19.0
18916,15.0
6613,28.0
17587,25.0
1748,14.0
13301,30.0
9668,26.0
17282,14.0
8500,27.0
9646,19.0
18976,25.0
3388,19.0
1090,21.0
15636,21.0
6668,26.0
15605,18.0
13499,19.0
2091,35.0
17424,23.0
13405,25.0
10030,22.0
15390,28.0
6456,25.0
8884,11.0
665,16.0
4888,14.0
1690,11.0
9280,26.0
3347,21.0
10270,28.0
8405,16.0
10285,22.0
17782,14.0
16368,21.0
14973,26.0
12150,23.0
11970,16.0
11465,11.0
17352,21.0
12973,21.0
7360,16.0
7089,28.0
4681,14.0
17490,14.0
11269,17.0
14005,18.0
10214,18.0
8904,32.0
3579,16.0
14456,21.0
716,37.0
11818,23.0
8173,22.0
3031,14.0
6519,19.0
6367,14.0
10606,22.0
14887,17.0
18824,16.0
5771,29.0
17395,25.0
8590,26.0
12899,23.0
2464,21.0
8649,18.0
13219,14.0
19272,21.0
14673,30.0
17448,23.0
5168,20.0
17946,13.0
16895,25.0
370,24.0
9245,27.0
2807,22.0
5357,25.0
2861,17.0
6467,17.0
14650,28.0
14280,14.0
10252,23.0
1150,25.0
19270,19.0
1196,27.0
12734,28.0
9151,20.0
16347,20.0
5573,21.0
13032,21.0
13992,19.0
10658,24.0
11107,20.0
5257,23.0
8815,12.0
7397,15.0
12625,22.0
14919,19.0
2463,28.0
6711,19.0
5614,20.0
17674,21.0
11641,22.0
4370,31.0
17800,14.0
320,22.0
9687,25.0
12618,21.0
11258,28.0
13630,17.0
15548,22.0
15912,16.0
11600,16.0
17224,25.0
809,20.0
2649,22.0
3738,17.0
6773,23.0
7491,29.0
1179,14.0
4692,24.0
3387,16.0
639,14.0
6806,15.0
3712,14.0
14048,11.0
183,21.0
961,31.0
18967,13.0
8670,27.0
4162,21.0
5439,26.0
13312,27.0
16566,16.0
17299,25.0
9795,18.0
8215,16.0
8136,26.0
1274,19.0
4284,16.0
4219,16.0
4972,23.0
7837,25.0
14956,21.0
4691,22.0
16098,13.0
3684,26.0
9168,18.0
15353,25.0
18059,21.0
1939,17.0
9759,24.0
17146,14.0
1043,24.0
8157,14.0
3469,11.0
10799,23.0
15262,16.0
8912,27.0
734,26.0
5561,16.0
3183,28.0
15140,23.0
7452,24.0
5222,14.0
856,25.0
101,17.0
16839,20.0
13072,22.0
8152,16.0
10931,17.0
6861,29.0
16110,19.0
14601,29.0
7660,15.0
300,14.0
4438,22.0
12784,25.0
8308,21.0
2594,15.0
4850,16.0
6430,17.0
15923,19.0
7695,13.0
6919,15.0
13104,14.0
9552,23.0
3327,26.0
11457,26.0
702,19.0
16205,25.0
14453,15.0
5768,20.0
194,18.0
7304,14.0
10884,20.0
6420,14.0
16979,17.0
2183,27.0
9466,13.0
8893,19.0
8544,14.0
12449,25.0
1005,27.0
7363,23.0
12752,25.0
8906,14.0
11625,20.0
3415,22.0
8185,16.0
16576,30.0
502,30.0
9109,21.0
10358,17.0
4539,22.0
14759,23.0
17390,23.0
8042,22.0
4009,23.0
17752,18.0
964,19.0
5351,13.0
1493,26.0
18080,29.0
12500,21.0
8091,22.0
2691,22.0
12303,19.0
15445,17.0
9498,24.0
10238,22.0
18233,25.0
784,25.0
16629,22.0
9624,30.0
538,16.0
15212,20.0
10998,19.0
11121,18.0
4428,22.0
16821,25.0
12312,22.0
12540,18.0
12755,26.0
12411,20.0
14261,30.0
15693,22.0
14708,25.0
760,20.0
16065,32.0
13859,23.0
9890,22.0
16356,25.0
8710,20.0
13560,13.0
10236,17.0
6225,17.0
14986,16.0
10241,26.0
282,29.0
1092,18.0
9927,25.0
10681,13.0
5371,26.0
16661,29.0
94,24.0
11639,14.0
14809,19.0
7046,18.0
6204,24.0
8448,15.0
15389,24.0
2628,26.0
1464,20.0
1653,16.0
7757,30.0
12242,23.0
13556,22.0
9500,28.0
12902,14.0
13765,29.0
470,16.0
18887,19.0
4638,19.0
14713,28.0
13939,26.0
15708,26.0
13116,18.0
3130,18.0
6149,13.0
7378,18.0
16551,13.0
18020,15.0
10447,23.0
3801,15.0
4087,18.0
14375,22.0
5406,27.0
8962,13.0
4959,26.0
12932,12.0
1867,22.0
10300,18.0
12659,18.0
5392,24.0
3385,27.0
12120,16.0
16876,23.0
1871,18.0
2060,19.0
13258,16.0
8617,17.0
2291,31.0
9729,17.0
7758,17.0
3198,22.0
2126,17.0
3269,25.0
8409,16.0
4517,22.0
3404,26.0
7910,10.0
10013,20.0
15854,23.0
7106,21.0
2111,27.0
13542,28.0
12058,22.0
16999,24.0
11086,25.0
5528,15.0
10550,20.0
17598,14.0
10213,27.0
11758,22.0
16115,19.0
16415,30.0
17699,29.0
4609,16.0
2405,13.0
16644,18.0
12515,17.0
14953,25.0
14591,29.0
10466,20.0
2653,22.0
5391,18.0
3304,17.0
13756,14.0
7865,18.0
2082,24.0
17976,35.0
6438,16.0
8360,24.0
13082,23.0
26,21.0
12241,31.0
15588,17.0
10464,19.0
4622,24.0
7403,14.0
6585,21.0
17729,25.0
1079,27.0
17560,22.0
1547,27.0
14693,20.0
17798,19.0
800,29.0
9351,22.0
15039,26.0
16369,23.0
14082,23.0
7431,23.0
12543,14.0
3612,19.0
18325,16.0
18684,28.0
8654,27.0
4783,18.0
16179,34.0
14388,13.0
2599,16.0
4086,25.0
8546,13.0
96,18.0
9363,10.0
6739,13.0
7792,29.0
7523,19.0
6008,11.0
18066,22.0
5699,29.0
4340,21.0
16906,17.0
13140,27.0
4675,29.0
8461,29.0
534,12.0
7715,24.0
12968,22.0
17471,22.0
8746,20.0
12016,26.0
7375,23.0
988,15.0
1229,10.0
14827,24.0
2473,23.0
1659,14.0
2433,32.0
13250,25.0
260,18.0
10974,15.0
9014,31.0
12691,16.0
11498,26.0
10474,18.0
3143,12.0
16054,18.0
17712,14.0
1795,25.0
2021,29.0
17457,25.0
3708,18.0
14169,25.0
15738,13.0
5218,25.0
4366,28.0
10608,25.0
1654,16.0
9234,21.0
6874,28.0
3382,18.0
15592,19.0
8141,19.0
8707,20.0
5665,21.0
19207,24.0
5928,34.0
1231,25.0
7430,25.0
19018,26.0
18338,19.0
14840,15.0
5689,16.0
8588,21.0
1304,15.0
4342,10.0
7522,28.0
8233,18.0
18076,14.0
18616,24.0
9179,24.0
12404,22.0
9737,18.0
14159,28.0
17559,24.0
9525,19.0
12445,26.0
19316,22.0
4960,36.0
950,22.0
9973,27.0
19134,22.0
12537,18.0
3375,32.0
8361,24.0
4676,22.0
2406,21.0
2559,21.0
2841,25.0
9472,14.0
16234,18.0
3985,23.0
15855,14.0
1735,14.0
4149,23.0
18550,22.0
11741,28.0
13265,30.0
8749,20.0
1030,29.0
14983,13.0
15539,26.0
15286,23.0
1721,19.0
8271,25.0
14742,18.0
15553,24.0
6209,14.0
17822,24.0
17256,30.0
6762,28.0
9663,19.0
14193,27.0
10916,31.0
18455,14.0
11094,25.0
12458,19.0
12562,23.0
948,27.0
1583,24.0
7569,14.0
13650,27.0
2455,15.0
6226,13.0
1833,25.0
1195,26.0
17787,14.0
17919,23.0
2572,22.0
8520,21.0
5466,16.0
15871,17.0
18604,19.0
3815,21.0
1335,19.0
9038,25.0
1829,28.0
3242,15.0
10110,22.0
9593,23.0
4195,25.0
4236,14.0
13469,23.0
7673,18.0
9850,12.0
14656,26.0
15545,18.0
8187,27.0
2484,14.0
19049,24.0
13295,24.0
10109,12.0
7934,12.0
8258,18.0
13280,18.0
5709,33.0
14213,21.0
5389,15.0
1917,32.0
13552,24.0
10207,17.0
13267,16.0
16945,20.0
15238,16.0
4755,17.0
16846,14.0
11241,20.0
1412,21.0
19046,30.0
13958,20.0
11147,24.0
4281,15.0
19055,20.0
7427,15.0
7292,23.0
14276,22.0
11972,19.0
16228,16.0
2249,33.0
4300,15.0
19215,26.0
15739,28.0
14839,25.0
5411,21.0
12685,17.0
18201,20.0
2721,27.0
16626,21.0
7849,31.0
4988,29.0
3919,26.0
14112,18.0
8413,26.0
9186,30.0
4159,15.0
16510,23.0
8280,22.0
4621,23.0
5545,40.0
12843,21.0
15344,17.0
9920,23.0
5615,18.0
4467,17.0
451,30.0
14534,21.0
4254,18.0
9071,19.0
14926,9.0
17132,26.0
13951,15.0
4579,18.0
17039,27.0
16048,28.0
5172,14.0
17887,24.0
10475,22.0
14541,11.0
5741,15.0
5809,19.0
17557,28.0
15900,32.0
19236,17.0
2124,39.0
11342,18.0
15419,22.0
3032,20.0
5868,20.0
11321,14.0
12986,20.0
4349,17.0
3030,14.0
13628,23.0
14852,23.0
17403,22.0
6663,15.0
2161,17.0
2451,14.0
16034,17.0
15128,19.0
13050,26.0
15172,23.0
3982,23.0
13574,21.0
3701,25.0
7030,27.0
10271,24.0
15243,24.0
14073,21.0
8125,15.0
14304,14.0
19084,16.0
8235,16.0
13426,15.0
3898,25.0
10535,16.0
12172,19.0
7694,20.0
3670,27.0
13817,24.0
647,22.0
9891,15.0
6793,31.0
10957,15.0
13231,23.0
18825,18.0
17421,23.0
4249,30.0
3443,26.0
5473,26.0
640,24.0
14680,26.0
7368,23.0
5736,15.0
14004,16.0
15074,22.0
7896,28.0
10723,17.0
17680,13.0
2801,17.0
17350,21.0
769,35.0
11933,30.0
10773,24.0
230,23.0
14765,22.0
275,26.0
14488,22.0
462,19.0
10778,25.0
8553,15.0
6464,25.0
15052,16.0
12197,25.0
13,14.0
1490,21.0
12237,24.0
8259,26.0
6617,25.0
6128,11.0
15998,26.0
8995,24.0
9325,15.0
5283,24.0
17329,23.0
2382,19.0
10508,31.0
12812,26.0
7307,15.0
15908,15.0
6244,13.0
13557,16.0
6362,23.0
3769,22.0
12787,22.0
849,30.0
3084,24.0
11547,16.0
7405,16.0
1080,16.0
11433,23.0
9819,16.0
10293,16.0
14548,27.0
5386,13.0
7239,28.0
18549,14.0
1585,34.0
11537,18.0
7989,19.0
3100,16.0
18159,22.0
12961,14.0
4915,26.0
8488,17.0
6468,25.0
17294,20.0
16362,26.0
13920,27.0
13632,17.0
3823,19.0
17724,27.0
19200,24.0
15178,23.0
9633,24.0
16611,17.0
2937,14.0
8485,29.0
5341,32.0
12195,20.0
2538,18.0
16572,19.0
2578,29.0
6306,28.0
4140,16.0
19184,25.0
15676,25.0
2232,25.0
13829,14.0
17043,16.0
10452,18.0
10399,16.0
8975,11.0
1591,18.0
13165,26.0
790,16.0
2360,19.0
12077,20.0
19102,14.0
12132,41.0
2831,14.0
684,26.0
3739,26.0
14383,25.0
91,14.0
7710,29.0
17764,20.0
14933,19.0
931,30.0
14776,20.0
7081,13.0
14542,15.0
11253,18.0
10234,22.0
3534,19.0
8534,17.0
2390,11.0
7298,17.0
16775,24.0
9350,13.0
12648,23.0
11149,26.0
13880,25.0
13073,17.0
1170,21.0
9831,30.0
12930,23.0
932,11.0
9660,21.0
14026,20.0
16592,33.0
332,13.0
19024,19.0
10199,26.0
739,20.0
11819,23.0
8469,17.0
3507,26.0
5491,14.0
11102,14.0
1734,19.0
1471,19.0
515,20.0
8597,25.0
6868,18.0
2529,11.0
3393,14.0
9401,19.0
12859,22.0
5984,16.0
18856,22.0
19205,26.0
17780,31.0
7374,24.0
6892,22.0
18915,29.0
9619,26.0
3850,16.0
7088,23.0
14898,15.0
3960,16.0
5194,13.0
17295,25.0
13081,22.0
9814,11.0
115,19.0
5080,15.0
19032,14.0
11142,26.0
7585,15.0
2504,20.0
10583,28.0
7655,12.0
7776,24.0
16476,16.0
5298,30.0
14122,15.0
7180,28.0
10759,24.0
5589,26.0
8106,14.0
3480,19.0
6697,23.0
7628,25.0
12636,25.0
17477,21.0
17491,17.0
14722,17.0
16212,31.0
17155,17.0
3588,13.0
18291,23.0
15764,27.0
4271,19.0
13367,16.0
10788,18.0
9575,14.0
9738,21.0
18659,19.0
13941,26.0
8741,24.0
16275,23.0
8038,18.0
8299,24.0
2895,16.0
15989,15.0
14880,16.0
3216,20.0
14393,21.0
2755,25.0
1900,21.0
16953,29.0
6538,24.0
2705,17.0
5378,17.0
7969,18.0
18458,25.0
17259,24.0
6665,18.0
19080,29.0
9084,27.0
1675,23.0
16922,23.0
1070,24.0
18493,29.0
8496,16.0
787,16.0
14270,17.0
17617,17.0
16935,23.0
2952,28.0
14844,16.0
18190,28.0
14518,23.0
12081,13.0
15362,28.0
16330,15.0
12631,14.0
18044,24.0
9591,26.0
7985,25.0
5016,17.0
15060,18.0
1208,24.0
5500,18.0
4626,24.0
3471,20.0
18637,18.0
13917,23.0
9769,24.0
323,13.0
6952,19.0
8164,14.0
6949,16.0
12967,26.0
17788,23.0
6049,24.0
15607,10.0
10933,20.0
5569,27.0
7195,22.0
6243,15.0
15733,26.0
3886,25.0
6334,27.0
11132,19.0
7912,21.0
16113,31.0
8723,14.0
9052,19.0
7634,26.0
19091,16.0
5042,13.0
16272,21.0
13478,19.0
14584,25.0
16647,26.0
8442,14.0
13708,18.0
15670,12.0
18763,27.0
5817,11.0
8327,32.0
5540,14.0
223,15.0
13914,22.0
15395,11.0
13194,20.0
15227,20.0
2554,14.0
13462,14.0
597,26.0
7018,26.0
8781,21.0
18884,11.0
16263,23.0
10023,25.0
7643,23.0
3909,24.0
16141,25.0
4199,22.0
507,19.0
12485,26.0
1072,27.0
8062,14.0
14689,22.0
6647,29.0
9460,23.0
14203,12.0
6376,14.0
6322,14.0
11667,23.0
2069,25.0
6145,19.0
13177,23.0
9163,13.0
9997,20.0
5515,23.0
12215,27.0
8261,25.0
6073,34.0
15540,18.0
17261,20.0
5975,26.0
18911,27.0
411,14.0
13861,27.0
12688,28.0
4974,24.0
14768,24.0
13460,23.0
18349,26.0
10684,12.0
10040,33.0
1442,21.0
8486,26.0
12695,16.0
14579,15.0
4320,23.0
13370,24.0
10972,40.0
2941,24.0
13711,24.0
10190,23.0
12029,13.0
6887,27.0
11493,27.0
13436,26.0
12230,28.0
18620,17.0
7534,18.0
14196,20.0
16756,26.0
13141,22.0
17738,20.0
1820,25.0
430,20.0
9852,16.0
15481,16.0
2220,21.0
7967,11.0
2749,26.0
9241,30.0
16921,15.0
12959,17.0
17900,14.0
2254,19.0
12176,15.0
13832,15.0
8439,21.0
2322,23.0
16371,19.0
768,14.0
16337,23.0
12354,24.0
14189,16.0
18416,28.0
8165,16.0
17296,23.0
3379,17.0
12921,18.0
18145,30.0
15383,25.0
16032,16.0
7648,23.0
18032,20.0
6974,28.0
4056,22.0
14064,17.0
16537,13.0
9658,14.0
11090,21.0
8155,14.0
13763,15.0
521,23.0
18781,17.0
13181,13.0
19174,26.0
2773,12.0
17611,16.0
14272,20.0
7953,28.0
6010,18.0
7815,22.0
1191,24.0
15105,14.0
6606,15.0
3686,29.0
13790,26.0
11996,26.0
10144,23.0
8345,22.0
5450,22.0
2524,24.0
17257,18.0
11423,26.0
7043,22.0
7440,17.0
10380,25.0
11494,28.0
18774,16.0
9131,18.0
12292,27.0
7671,17.0
15544,23.0
15895,17.0
17619,26.0
8014,14.0
8059,22.0
11513,23.0
10414,13.0
17168,18.0
7850,22.0
7372,16.0
14342,14.0
16706,24.0
13451,27.0
17725,21.0
10534,25.0
15444,16.0
15484,21.0
13239,28.0
4649,17.0
14467,20.0
14814,15.0
5036,19.0
2656,31.0
16096,18.0
15649,17.0
588,14.0
11676,22.0
14309,14.0
13004,24.0
17154,25.0
9563,27.0
10845,19.0
16191,14.0
4130,26.0
8778,12.0
19138,20.0
18667,26.0
17704,14.0
9480,20.0
2320,14.0
10990,23.0
1594,19.0
15873,21.0
16679,19.0
13785,27.0
17479,14.0
3448,27.0
18783,18.0
8816,31.0
3917,28.0
16484,16.0
5265,23.0
10420,13.0
4208,15.0
18495,32.0
10147,28.0
2751,25.0
4833,21.0
15011,20.0
13040,16.0
18088,25.0
15551,25.0
16508,26.0
7808,17.0
7521,26.0
3713,26.0
14386,13.0
19177,26.0
342,24.0
7902,27.0
17066,22.0
8494,31.0
1671,21.0
13357,25.0
8334,18.0
1303,25.0
3786,28.0
7401,29.0
3260,25.0
2028,23.0
5845,28.0
7235,19.0
18273,16.0
19144,23.0
626,18.0
10354,20.0
9573,24.0
18287,25.0
9760,14.0
10377,24.0
11372,14.0
15194,19.0
17995,24.0
3660,31.0
12096,25.0
2639,23.0
1669,11.0
15433,26.0
4653,20.0
3227,25.0
9473,25.0
17272,34.0
3566,18.0
11907,24.0
13188,26.0
4101,25.0
17621,23.0
17051,17.0
13891,21.0
12871,15.0
18552,26.0
5829,27.0
3486,16.0
10418,27.0
13314,17.0
12270,24.0
8013,23.0
12182,26.0
9080,25.0
49,22.0
12785,22.0
7925,21.0
977,13.0
6297,15.0
5967,17.0
9400,16.0
10361,16.0
14339,15.0
8260,26.0
13893,16.0
6290,19.0
1156,24.0
17546,19.0
16633,22.0
15024,19.0
16505,27.0
12495,25.0
18883,18.0
13625,12.0
17059,28.0
13107,14.0
17541,16.0
1557,24.0
4884,24.0
2287,24.0
18178,24.0
13289,25.0
8599,16.0
5718,22.0
4458,29.0
6229,24.0
18970,25.0
5737,16.0
12364,24.0
10231,20.0
2040,22.0
18166,19.0
2014,22.0
18628,16.0
1037,15.0
14362,16.0
16256,15.0
8309,22.0
11614,37.0
6006,25.0
17408,14.0
246,24.0
14187,14.0
5997,35.0
11870,13.0
18317,15.0
18136,18.0
7171,18.0
7384,16.0
17777,13.0
303,18.0
3517,26.0
16320,29.0
16830,23.0
17035,11.0
15966,23.0
12079,24.0
5977,22.0
4414,24.0
11699,32.0
10068,11.0
7805,26.0
6864,13.0
7314,28.0
12245,13.0
6688,14.0
17856,25.0
9599,16.0
13288,36.0
2327,30.0
832,19.0
4559,21.0
17830,15.0
5067,28.0
686,16.0
16535,29.0
11036,14.0
10724,20.0
154,28.0
4156,23.0
12271,14.0
12218,31.0
13703,17.0
6261,26.0
11049,20.0
9489,25.0
8719,19.0
18892,24.0
16892,23.0
7138,21.0
11490,25.0
15148,17.0
12333,17.0
17553,17.0
6751,29.0
9763,32.0
8454,29.0
4615,25.0
15223,17.0
12383,25.0
12326,30.0
15659,25.0
10044,27.0
12505,32.0
10088,23.0
12430,15.0
17433,28.0
3949,14.0
11839,19.0
9049,28.0
1247,16.0
882,28.0
5173,14.0
17249,21.0
18510,15.0
10930,24.0
1044,17.0
8073,27.0
14186,22.0
13638,24.0
9192,17.0
12251,28.0
16041,25.0
12409,17.0
18431,13.0
2263,15.0
2665,34.0
18880,20.0
18132,28.0
15486,24.0
12680,21.0
7725,22.0
11649,17.0
17019,23.0
16403,18.0
9228,33.0
13851,14.0
662,26.0
4455,21.0
18902,14.0
1618,27.0
354,17.0
9767,24.0
5988,33.0
3017,22.0
8368,15.0
4084,30.0
14580,30.0
12200,21.0
1525,28.0
9024,25.0
13911,13.0
811,23.0
16386,21.0
6673,16.0
5122,12.0
7268,14.0
11175,18.0
18985,20.0
14147,22.0
9047,19.0
17700,14.0
10240,23.0
14235,25.0
18053,14.0
5038,17.0
216,14.0
7119,20.0
5020,30.0
18423,29.0
10313,15.0
14717,21.0
3466,25.0
16446,21.0
10334,24.0
6942,15.0
15076,24.0
15109,15.0
16698,23.0
7777,26.0
5058,25.0
17607,28.0
12414,25.0
903,15.0
18862,20.0
5956,27.0
8057,21.0
2066,24.0
4733,18.0
10251,18.0
13751,19.0
9704,14.0
8254,15.0
18526,14.0
8246,22.0
8725,14.0
5127,25.0
12122,22.0
18462,12.0
12705,29.0
5420,20.0
3654,18.0
18085,27.0
4840,23.0
15560,26.0
12853,12.0
1909,22.0
7312,22.0
10801,12.0
5687,19.0
10276,16.0
15156,20.0
16002,22.0
15762,16.0
4481,29.0
1786,21.0
8957,16.0
596,22.0
4395,23.0
7462,14.0
2192,24.0
11505,19.0
17863,24.0
1918,24.0
13717,19.0
11709,28.0
13379,24.0
2701,12.0
15032,20.0
7668,23.0
3817,29.0
7630,21.0
16579,30.0
15830,12.0
8924,11.0
12858,17.0
7485,16.0
16971,20.0
13637,24.0
18173,18.0
2212,18.0
16116,19.0
2449,25.0
2283,15.0
13816,15.0
7225,26.0
15694,31.0
6221,19.0
19179,25.0
14533,36.0
7315,17.0
7122,33.0
6454,28.0
6280,22.0
9106,25.0
12177,26.0
16204,26.0
1185,15.0
9598,22.0
1511,16.0
6157,28.0
788,32.0
18381,25.0
9044,19.0
7592,14.0
7907,22.0
6520,18.0
19125,14.0
736,24.0
18740,30.0
17758,31.0
2425,26.0
13835,21.0
17052,19.0
2609,23.0
12725,26.0
12076,21.0
6089,26.0
4894,13.0
2497,24.0
11211,14.0
14801,24.0
13643,20.0
11100,24.0
5527,15.0
5688,23.0
18048,23.0
14392,13.0
14632,27.0
10582,25.0
17889,28.0
17891,21.0
4272,12.0
6375,25.0
8722,24.0
6381,23.0
17660,27.0
6597,32.0
17513,11.0
146,18.0
7476,13.0
7395,26.0
12828,22.0
877,12.0
8310,11.0
3015,32.0
4526,15.0
8565,12.0
4770,18.0
1476,35.0
16290,21.0
11319,26.0
13193,24.0
8353,21.0
18744,31.0
6029,23.0
12532,15.0
8415,23.0
18563,25.0
13074,20.0
5005,25.0
15407,14.0
17031,19.0
14142,24.0
15311,24.0
11477,18.0
15463,21.0
8783,16.0
10793,18.0
2865,25.0
14892,24.0
12900,28.0
5884,24.0
3075,19.0
3464,16.0
17056,18.0
14259,30.0
1692,16.0
14535,16.0
3491,21.0
13814,16.0
3966,31.0
14684,27.0
16030,26.0
12201,21.0
17110,28.0
17494,15.0
9416,26.0
15862,14.0
11383,16.0
2191,14.0
10893,21.0
15019,17.0
12541,25.0
3111,17.0
8818,23.0
10510,21.0
5227,20.0
6181,14.0
7819,14.0
16968,33.0
5418,22.0
14363,26.0
5702,24.0
864,17.0
4264,27.0
6550,24.0
13223,28.0
6318,15.0
16796,22.0
12929,22.0
4386,23.0
14736,20.0
15151,13.0
6539,11.0
12943,27.0
5584,24.0
16195,15.0
9387,12.0
8714,26.0
13681,28.0
8000,27.0
6972,14.0
8939,28.0
11131,19.0
10014,15.0
2418,14.0
9317,24.0
7346,29.0
15435,28.0
4497,14.0
6366,15.0
3067,15.0
10156,27.0
9093,14.0
19011,16.0
8859,28.0
12805,28.0
13187,29.0
7472,22.0
10567,14.0
12530,18.0
8575,21.0
3747,16.0
14750,23.0
6644,23.0
2434,22.0
6274,19.0
11581,22.0
16157,20.0
3025,10.0
17082,26.0
7685,17.0
3153,23.0
6685,13.0
5193,14.0
6845,15.0
8615,26.0
18840,23.0
13604,25.0
8307,14.0
828,13.0
15661,31.0
15635,29.0
9838,23.0
10434,26.0
7410,27.0
13633,17.0
13149,28.0
10243,17.0
2143,12.0
19120,19.0
13160,22.0
9932,31.0
3081,14.0
2104,25.0
3559,16.0
4631,23.0
12908,26.0
1014,19.0
9896,20.0
4797,25.0
10655,11.0
2927,22.0
14526,12.0
18151,19.0
4687,23.0
12403,25.0
12286,20.0
432,27.0
1536,26.0
18600,21.0
15417,28.0
11223,23.0
4976,18.0
7510,17.0
16637,28.0
3074,23.0
10713,26.0
18849,25.0
9943,25.0
16743,28.0
16515,18.0
8170,21.0
18987,21.0
188,25.0
10869,12.0
5507,16.0
563,22.0
956,13.0
6822,17.0
4297,18.0
972,31.0
8040,17.0
5475,24.0
19027,26.0
2085,16.0
18596,31.0
1573,19.0
16760,16.0
8822,27.0
16737,21.0
5812,23.0
8451,26.0
6794,30.0
1331,23.0
16055,18.0
18127,19.0
5912,14.0
9596,23.0
1596,21.0
9039,22.0
17518,20.0
5524,21.0
4122,22.0
54,17.0
9543,14.0
11035,19.0
2,26.0
12994,24.0
12663,17.0
11548,24.0
1930,29.0
9385,14.0
4093,25.0
7551,22.0
9418,17.0
10079,15.0
5646,16.0
3423,25.0
4234,17.0
6815,20.0
454,23.0
11777,29.0
13345,23.0
13656,34.0
11553,27.0
9070,16.0
2039,23.0
17016,25.0
18745,16.0
14011,33.0
9357,24.0
11783,21.0
12011,30.0
3264,25.0
8963,19.0
17898,26.0
2899,22.0
6016,24.0
10006,11.0
8736,27.0
15516,21.0
3759,26.0
4660,29.0
1022,27.0
9119,30.0
2825,15.0
16894,16.0
3989,27.0
7706,20.0
9849,15.0
14741,26.0
18630,23.0
11235,13.0
18240,15.0
426,23.0
12268,12.0
14519,21.0
13571,17.0
14807,20.0
1175,20.0
2974,38.0
14849,28.0
12357,25.0
14071,36.0
5052,20.0
6891,24.0
7930,20.0
3751,15.0
7379,19.0
17881,19.0
3315,23.0
265,15.0
13476,18.0
7803,27.0
18141,17.0
9421,17.0
3184,25.0
7102,18.0
11958,25.0
4625,15.0
13443,15.0
9750,13.0
15280,17.0
8047,28.0
6978,18.0
3687,15.0
18463,21.0
3011,13.0
4209,32.0
11203,17.0
8761,19.0
9429,23.0
16610,24.0
2962,21.0
6009,25.0
15979,13.0
5212,28.0
16813,24.0
10921,25.0
19045,28.0
18152,14.0
15893,19.0
4092,17.0
14908,25.0
7276,26.0
3291,26.0
10575,12.0
18765,13.0
9238,17.0
7017,17.0
1634,16.0
2450,13.0
12790,26.0
7185,33.0
6819,24.0
16331,27.0
10389,25.0
17150,19.0
5753,19.0
1700,27.0
1087,25.0
8509,21.0
12034,16.0
5585,25.0
13802,22.0
8221,19.0
1238,14.0
2661,28.0
5079,17.0
11834,26.0
1025,24.0
5295,28.0
5059,23.0
2227,16.0
10740,18.0
18668,20.0
2105,19.0
17271,23.0
3574,20.0
12181,23.0
7305,25.0
15507,26.0
4410,26.0
15717,16.0
16010,18.0
1839,25.0
9316,29.0
12108,24.0
18935,25.0
7159,14.0
16460,27.0
14790,20.0
4065,18.0
9752,11.0
16588,23.0
6312,16.0
453,22.0
15984,26.0
10329,13.0
1769,31.0
12115,14.0
16283,13.0
3610,28.0
11485,12.0
6913,18.0
11384,16.0
16889,35.0
6400,18.0
13159,21.0
8263,16.0
18777,26.0
2490,19.0
12171,16.0
10549,26.0
11895,34.0
10061,26.0
11935,24.0
7826,28.0
3942,17.0
15570,29.0
4256,15.0
4674,17.0
8866,23.0
14212,26.0
6633,19.0
1819,22.0
1693,30.0
13172,24.0
2115,31.0
923,30.0
2489,29.0
18726,11.0
11395,20.0
15729,19.0
4360,24.0
16827,15.0
5640,22.0
14752,28.0
16007,19.0
6879,14.0
15121,38.0
9108,30.0
3113,25.0
8322,20.0
16181,25.0
13758,31.0
13538,26.0
1016,15.0
4396,13.0
12746,23.0
8806,16.0
3750,27.0
4922,22.0
13531,12.0
807,17.0
17405,23.0
10767,14.0
16883,27.0
2947,19.0
4777,18.0
13767,26.0
16011,20.0
17365,26.0
6279,21.0
1667,24.0
12126,17.0
10187,25.0
18241,21.0
2809,20.0
15241,25.0
7125,18.0
4244,13.0
15081,16.0
2717,20.0
5331,26.0
822,29.0
11850,21.0
19106,18.0
4864,20.0
10066,15.0
7336,16.0
5512,16.0
7259,16.0
5593,22.0
1216,27.0
11073,25.0
2770,23.0
17227,17.0
16026,13.0
2925,26.0
1019,16.0
9453,26.0
16005,20.0
16912,17.0
11991,18.0
8296,15.0
273,13.0
16704,25.0
11881,17.0
3906,17.0
7415,30.0
6018,11.0
10045,17.0
14243,11.0
13015,18.0
9200,26.0
12738,29.0
4027,19.0
3299,20.0
11048,25.0
9560,11.0
11356,30.0
11888,22.0
15222,15.0
2255,14.0
14698,16.0
18785,26.0
10988,26.0
13979,23.0
16778,21.0
16544,12.0
4183,22.0
10554,19.0
12709,18.0
11560,19.0
12370,18.0
2938,18.0
12716,26.0
3174,16.0
4214,14.0
13924,18.0
17797,16.0
16677,26.0
4126,16.0
12582,24.0
9817,36.0
4724,27.0
4951,25.0
18168,28.0
1343,18.0
17321,32.0
11884,18.0
6298,26.0
15836,12.0
11855,28.0
14920,32.0
6561,17.0
13649,25.0
11299,29.0
5145,15.0
3360,29.0
15351,31.0
14210,21.0
17385,17.0
11063,25.0
12836,15.0
12325,16.0
3146,15.0
12558,28.0
6234,22.0
7511,18.0
6064,27.0
1908,24.0
10730,25.0
2050,28.0
12300,13.0
16785,15.0
6435,15.0
10179,15.0
14543,36.0
2978,18.0
4848,25.0
3370,18.0
10104,16.0
5426,21.0
11500,25.0
8216,23.0
7556,24.0
572,14.0
18306,13.0
452,41.0
504,23.0
1754,26.0
8937,25.0
2139,18.0
2495,14.0
11487,20.0
166,27.0
14902,16.0
7208,20.0
12489,12.0
18679,22.0
17912,25.0
16454,12.0
14984,15.0
7257,19.0
8642,19.0
6293,23.0
14644,20.0
15396,27.0
7835,25.0
3645,28.0
18535,23.0
2173,26.0
13784,24.0
18719,16.0
10996,19.0
4606,16.0
6349,14.0
4520,21.0
12481,15.0
2733,16.0
9117,15.0
7614,27.0
4399,12.0
4094,21.0
16517,19.0
15493,20.0
7947,28.0
5660,23.0
90,23.0
3676,29.0
13608,15.0
14077,27.0
11410,11.0
477,31.0
4603,18.0
1062,25.0
3640,29.0
13864,15.0
11075,28.0
5039,17.0
11339,23.0
14110,25.0
18470,20.0
18072,13.0
15585,36.0
19311,20.0
13841,15.0
18505,16.0
13282,17.0
4052,27.0
6017,30.0
14390,13.0
715,28.0
14408,16.0
307,12.0
240,29.0
9243,16.0
12911,23.0
4932,24.0
15173,24.0
10753,24.0
5758,18.0
682,16.0
9948,25.0
8718,22.0
5587,11.0
1226,18.0
17779,15.0
8406,29.0
13090,19.0
9532,19.0
15468,16.0
9867,20.0
14930,21.0
15197,16.0
9464,31.0
18475,27.0
10659,12.0
9419,25.0
7712,22.0
11055,17.0
13874,21.0
16252,40.0
434,15.0
19314,25.0
16193,25.0
3287,15.0
16270,15.0
7992,23.0
10396,30.0
14201,29.0
3857,16.0
10700,23.0
5451,14.0
8015,16.0
17241,26.0
12111,15.0
4881,29.0
10112,27.0
16095,16.0
5978,25.0
18302,12.0
10210,16.0
11630,23.0
8522,20.0
9191,24.0
18285,12.0
7981,16.0
1481,20.0
9807,22.0
15146,23.0
4642,22.0
6173,20.0
1757,18.0
10164,16.0
8776,14.0
18515,28.0
7376,18.0
13867,23.0
12523,27.0
6961,16.0
10292,24.0
14461,16.0
16751,25.0
14735,22.0
17003,31.0
984,20.0
14013,22.0
17157,22.0
9944,22.0
3859,20.0
4270,24.0
17467,14.0
2422,22.0
7433,29.0
9399,18.0
1503,23.0
18933,25.0
7689,14.0
18746,27.0
8758,17.0
2889,20.0
10441,14.0
16565,26.0
2420,24.0
18130,26.0
2251,26.0
2715,24.0
9092,20.0
13795,25.0
6382,26.0
18792,13.0
242,25.0
17260,17.0
5530,20.0
4503,21.0
12861,28.0
3144,22.0
11514,30.0
5129,20.0
13196,28.0
8084,46.0
16719,25.0
952,24.0
7201,14.0
16023,24.0
774,29.0
16018,26.0
8319,21.0
9965,27.0
18329,10.0
15084,16.0
2380,33.0
19001,15.0
13375,27.0
13728,24.0
6385,23.0
18882,21.0
13019,26.0
1001,18.0
10610,16.0
5381,16.0
12002,22.0
10904,21.0
17682,27.0
9134,19.0
2339,31.0
6304,31.0
13207,25.0
2285,26.0
16632,19.0
10786,13.0
13352,23.0
17613,20.0
5416,20.0
11364,22.0
18337,14.0
12583,19.0
11463,21.0
2913,15.0
19117,26.0
15195,26.0
7494,28.0
485,17.0
4134,27.0
3944,26.0
3043,35.0
14724,33.0
6268,23.0
13740,17.0
11238,13.0
8765,25.0
9918,14.0
4425,24.0
13821,26.0
19164,24.0
12129,14.0
3411,27.0
9559,19.0
12441,15.0
6175,19.0
1977,19.0
1115,24.0
10131,29.0
3723,25.0
12613,22.0
2324,16.0
12024,28.0
15501,20.0
552,28.0
288,30.0
263,22.0
18717,23.0
16834,16.0
11332,25.0
14024,12.0
2075,14.0
18390,22.0
18809,24.0
10356,24.0
14607,28.0
13943,25.0
16244,18.0
18681,26.0
15822,24.0
2443,19.0
11787,23.0
17142,13.0
5478,22.0
4034,12.0
11539,23.0
1364,16.0
5816,22.0
2338,13.0
16960,21.0
14424,15.0
16104,22.0
2547,15.0
19298,27.0
7545,25.0
6012,28.0
3132,20.0
8951,21.0
18203,22.0
10944,27.0
3213,18.0
14766,18.0
7666,17.0
1382,18.0
2888,16.0
14432,22.0
3782,20.0
2929,13.0
12608,19.0
15943,29.0
633,16.0
7404,17.0
12127,26.0
5769,27.0
6449,14.0
19015,14.0
18225,27.0
16043,21.0
17416,23.0
858,17.0
5250,25.0
5344,27.0
16203,15.0
13373,26.0
11897,15.0
18174,25.0
13075,13.0
16121,26.0
3062,24.0
10359,24.0
18585,21.0
12977,20.0
16578,18.0
10932,14.0
15392,19.0
1008,23.0
3320,29.0
13658,20.0
11789,19.0
5291,23.0
365,21.0
5345,23.0
6750,16.0
17866,21.0
10596,23.0
845,24.0
11847,33.0
17581,21.0
446,12.0
10160,14.0
16761,21.0
8477,31.0
9061,25.0
3812,14.0
15578,27.0
17884,21.0
8388,19.0
9270,24.0
4282,25.0
16389,16.0
3795,22.0
1661,16.0
12256,26.0
9428,24.0
810,16.0
867,19.0
1724,15.0
5277,24.0
14496,15.0
10844,13.0
10600,21.0
10294,18.0
11168,30.0
7038,24.0
16619,28.0
16798,24.0
8064,21.0
18347,15.0
12487,18.0
16434,14.0
6514,27.0
10430,18.0
8974,26.0
16251,12.0
1949,18.0
1702,15.0
5213,19.0
10032,16.0
18890,12.0
10123,15.0
17431,28.0
247,17.0
16950,27.0
12493,19.0
18433,14.0
17709,20.0
18711,30.0
18610,18.0
18537,14.0
16655,14.0
12084,24.0
15378,24.0
16322,25.0
13200,27.0
7408,30.0
1714,18.0
7785,17.0
13001,20.0
200,26.0
6083,19.0
16630,23.0
3501,17.0
12041,20.0
4096,20.0
16650,26.0
364,25.0
18528,23.0
5888,21.0
6721,24.0
1803,19.0
4664,18.0
8247,29.0
17357,29.0
10108,27.0
12794,25.0
15079,36.0
4686,13.0
6299,22.0
9550,15.0
10915,24.0
11665,14.0
15842,25.0
6548,27.0
9469,18.0
8539,22.0
7037,16.0
9146,14.0
12818,26.0
13946,15.0
5629,19.0
7681,22.0
973,22.0
89,28.0
14782,29.0
2840,29.0
19220,18.0
421,17.0
4513,19.0
18720,26.0
12960,22.0
16628,24.0
4004,26.0
16487,33.0
6361,35.0
4475,22.0
6789,15.0
8407,16.0
17166,22.0
9264,21.0
12574,26.0
7010,18.0
10134,29.0
15851,29.0
6048,21.0
13067,30.0
18743,30.0
13843,28.0
8549,21.0
8127,14.0
11573,14.0
15772,14.0
4883,21.0
18300,9.0
574,23.0
16947,12.0
15529,23.0
11043,23.0
15203,11.0
13269,25.0
3589,21.0
15003,28.0
19288,25.0
13154,26.0
2427,15.0
17734,17.0
15490,20.0
7879,34.0
11464,24.0
717,14.0
9124,21.0
11263,18.0
14710,24.0
8979,16.0
3568,19.0
6477,17.0
14230,22.0
18879,13.0
10685,10.0
18826,21.0
5546,19.0
14630,17.0
5590,19.0
2059,16.0
18591,24.0
4451,22.0
5124,27.0
5938,19.0
7063,16.0
2997,21.0
3103,28.0
17173,29.0
3565,19.0
1167,26.0
267,15.0
9318,24.0
8378,12.0
14769,22.0
15996,17.0
15089,26.0
17121,15.0
19276,28.0
13418,25.0
1809,29.0
11778,22.0
8026,18.0
2921,26.0
6037,22.0
17232,15.0
12175,24.0
8208,24.0
14332,21.0
1031,26.0
9103,27.0
17238,25.0
6744,11.0
1968,20.0
542,26.0
327,23.0
2055,22.0
15918,15.0
11391,12.0
16776,25.0
14539,29.0
134,20.0
6558,15.0
11185,14.0
1686,17.0
954,12.0
11390,13.0
14657,12.0
5364,19.0
13271,31.0
9499,19.0
406,20.0
16449,16.0
14063,20.0
10446,14.0
8895,23.0
10656,21.0
14163,20.0
2282,22.0
3594,26.0
6142,19.0
4923,12.0
16843,25.0
8337,22.0
306,23.0
2207,25.0
14356,30.0
12154,20.0
16930,23.0
16301,22.0
4742,25.0
16294,18.0
7004,17.0
2330,22.0
4262,29.0
17652,19.0
18581,16.0
16412,35.0
6661,18.0
2341,31.0
19036,12.0
4457,14.0
10010,28.0
15021,22.0
2522,14.0
8148,23.0
15785,25.0
13411,13.0
5606,28.0
14703,28.0
1641,13.0
11654,18.0
10923,23.0
8523,30.0
12547,15.0
15329,36.0
6509,29.0
18267,25.0
11871,23.0
3638,12.0
8551,29.0
13500,33.0
7599,30.0
13713,29.0
7667,16.0
14395,16.0
12935,24.0
15168,16.0
12999,20.0
14462,18.0
14824,14.0
1894,14.0
8755,26.0
9004,32.0
16658,23.0
18737,27.0
16708,16.0
755,20.0
16440,23.0
6404,13.0
18457,20.0
17430,13.0
9436,17.0
11580,25.0
5136,20.0
3901,12.0
11611,27.0
13241,23.0
5339,15.0
5785,15.0
5083,18.0
3249,27.0
9686,16.0
15246,18.0
4064,19.0
10736,13.0
3210,19.0
1704,30.0
16411,24.0
5851,24.0
14080,15.0
14730,21.0
1501,27.0
2054,23.0
14296,26.0
11133,16.0
5560,23.0
8470,27.0
11797,15.0
12565,26.0
17813,25.0
3845,20.0
6015,18.0
2453,17.0
18303,26.0
6410,22.0
18150,18.0
19306,28.0
3745,20.0
17628,15.0
3880,28.0
967,39.0
2343,20.0
17630,37.0
18257,22.0
6308,30.0
11309,16.0
4832,20.0
18501,15.0
10733,25.0
15479,15.0
2388,17.0
8898,13.0
971,24.0
18874,14.0
8804,20.0
10120,22.0
11910,23.0
1359,20.0
2277,17.0
6480,24.0
2240,21.0
3836,26.0
11786,24.0
19114,23.0
5902,25.0
17072,18.0
561,27.0
11245,16.0
569,13.0
14837,23.0
3435,12.0
9806,23.0
18962,24.0
762,30.0
11047,25.0
5329,26.0
13787,23.0
18782,18.0
9017,20.0
5023,19.0
4308,22.0
6701,24.0
6103,31.0
9253,24.0
7416,25.0
907,14.0
14353,23.0
4601,23.0
4047,21.0
2839,19.0
13977,25.0
13960,16.0
17428,24.0
4564,24.0
12735,22.0
9030,25.0
9181,28.0
16451,27.0
18559,21.0
1415,23.0
3525,29.0
10687,21.0
5110,25.0
16823,18.0
8880,29.0
11792,14.0
13742,25.0
17726,22.0
18974,30.0
18984,25.0
10910,26.0
13513,23.0
15700,22.0
10119,25.0
10506,13.0
1164,12.0
5538,24.0
1183,32.0
19242,13.0
13725,15.0
7734,13.0
12061,13.0
15216,13.0
13585,19.0
6924,20.0
17009,19.0
18407,23.0
18339,24.0
15804,24.0
13997,25.0
12664,28.0
2225,17.0
12611,15.0
14728,18.0
9065,13.0
7764,17.0
18348,26.0
17565,13.0
12776,13.0
14685,21.0
11602,22.0
2127,21.0
3089,24.0
16364,15.0
3029,27.0
17945,25.0
1381,24.0
19007,18.0
17635,11.0
602,19.0
13927,29.0
1858,23.0
3490,26.0
3479,18.0
4115,24.0
14763,16.0
997,17.0
10468,16.0
14846,27.0
1910,24.0
2564,14.0
16956,25.0
13084,24.0
10355,22.0
17576,27.0
8446,24.0
7132,25.0
12223,25.0
17325,22.0
13164,17.0
9277,28.0
18057,15.0
15668,15.0
9211,10.0
11173,14.0
14617,18.0
16185,23.0
3553,20.0
6215,20.0
13376,16.0
7760,25.0
16753,28.0
18246,18.0
6431,18.0
3590,15.0
9728,15.0
4325,32.0
2488,25.0
10274,18.0
4515,26.0
7385,14.0
17193,16.0
16300,20.0
15248,14.0
15125,29.0
17005,20.0
10870,15.0
16140,33.0
14921,29.0
175,29.0
12397,13.0
2838,16.0
12107,15.0
14882,24.0
11634,13.0
16553,16.0
12677,20.0
7971,25.0
14876,25.0
10802,18.0
714,30.0
7589,12.0
6678,27.0
8068,24.0
3428,16.0
18943,25.0
16101,30.0
9618,17.0
3040,25.0
2719,16.0
6254,22.0
14129,25.0
16314,14.0
14822,18.0
11329,32.0
3577,26.0
14992,21.0
14834,17.0
9713,15.0
8124,19.0
1531,13.0
331,18.0
10897,11.0
11880,17.0
12022,23.0
19062,23.0
13724,24.0
16066,26.0
12373,25.0
10443,22.0
763,18.0
8535,16.0
4288,26.0
17254,25.0
9549,19.0
5197,29.0
7418,18.0
18408,11.0
17432,22.0
7353,26.0
16671,30.0
12916,40.0
10073,15.0
5597,30.0
4582,20.0
14479,26.0
16731,13.0
16808,17.0
8747,14.0
991,29.0
9582,13.0
14963,30.0
17736,21.0
4521,18.0
15264,13.0
18578,15.0
16586,13.0
12468,39.0
1094,16.0
17244,35.0
9922,16.0
15951,24.0
1708,23.0
3806,26.0
2344,27.0
3633,26.0
18016,23.0
14957,31.0
14485,22.0
16402,21.0
17582,27.0
767,22.0
19228,17.0
11702,19.0
6090,28.0
5279,19.0
17997,24.0
18101,20.0
12732,26.0
17566,15.0
6370,18.0
9026,16.0
18527,24.0
13698,19.0
4123,32.0
10019,23.0
2616,13.0
8052,23.0
17555,14.0
13137,15.0
16142,20.0
12239,21.0
11894,25.0
76,20.0
5182,26.0
18154,19.0
13904,22.0
2520,19.0
14784,19.0
2926,13.0
4931,19.0
9446,18.0
14569,26.0
15963,18.0
5670,25.0
646,19.0
7453,14.0
8604,25.0
6247,22.0
17063,19.0
8123,25.0
10665,26.0
5258,23.0
8947,17.0
7723,30.0
9319,16.0
13087,22.0
12676,19.0
16158,36.0
5570,18.0
3615,26.0
5092,29.0
2387,23.0
3523,27.0
10562,17.0
2194,21.0
11642,23.0
1780,21.0
17585,30.0
2595,18.0
10578,22.0
5680,32.0
5678,15.0
9424,26.0
12546,24.0
11507,16.0
9820,29.0
12721,10.0
14643,27.0
18157,15.0
18851,26.0
8135,26.0
15124,23.0
10532,22.0
8111,24.0
19296,14.0
2670,15.0
14757,16.0
6980,16.0
6491,18.0
5095,28.0
10232,20.0
12972,22.0
8612,18.0
2156,17.0
12934,13.0
17684,16.0
7594,28.0
4430,28.0
726,24.0
5698,20.0
14813,18.0
2135,22.0
5804,25.0
1932,28.0
2750,19.0
6731,20.0
14860,26.0
15350,14.0
11331,22.0
14414,19.0
5471,13.0
18355,15.0
12180,18.0
2316,24.0
14799,26.0
339,18.0
13678,25.0
8851,22.0
3226,25.0
3350,15.0
17010,24.0
18806,16.0
18742,19.0
17972,25.0
10762,21.0
11555,16.0
4048,30.0
2371,26.0
17192,18.0
15969,22.0
6343,15.0
10087,29.0
2381,11.0
17673,19.0
4956,21.0
9933,19.0
5778,27.0
7445,37.0
236,21.0
10969,20.0
5063,14.0
785,23.0
9741,23.0
7413,22.0
4772,27.0
15725,20.0
6239,21.0
14512,21.0
9568,12.0
14812,19.0
3181,21.0
12509,23.0
4202,37.0
1230,16.0
4597,21.0
18054,15.0
505,27.0
7948,12.0
10448,18.0
5537,28.0
13420,25.0
12440,17.0
18143,26.0
2919,25.0
6904,19.0
5963,18.0
3357,22.0
7114,23.0
5679,17.0
7773,19.0
1992,24.0
13521,22.0
5873,27.0
6180,28.0
17667,14.0
4359,27.0
5224,30.0
16240,28.0
11759,20.0
66,27.0
157,28.0
3235,20.0
3270,28.0
9153,11.0
7071,22.0
9397,29.0
3557,23.0
9027,24.0
16258,19.0
12039,26.0
14139,14.0
13806,25.0
11997,27.0
19081,22.0
12231,13.0
12874,26.0
4180,26.0
11130,27.0
11640,25.0
1283,24.0
5487,12.0
7283,23.0
13747,31.0
18153,21.0
3855,32.0
13601,20.0
3625,20.0
8305,13.0
7275,32.0
17094,16.0
6581,21.0
14469,24.0
13311,12.0
3924,22.0
6200,18.0
12291,17.0
4836,26.0
6991,36.0
10509,26.0
5398,25.0
8543,17.0
15901,13.0
2430,14.0
15658,9.0
13217,28.0
8524,16.0
1077,18.0
18013,22.0
19195,16.0
17973,14.0
18459,14.0
5598,22.0
9362,24.0
12922,14.0
13968,16.0
3691,26.0
3900,16.0
9846,29.0
16691,30.0
18134,22.0
16683,32.0
5756,26.0
2571,19.0
4629,23.0
4572,11.0
8517,17.0
18430,21.0
6056,23.0
18110,16.0
10281,17.0
18910,28.0
13805,12.0
8685,16.0
11015,21.0
408,27.0
2569,17.0
18861,26.0
9391,17.0
19190,16.0
18666,29.0
17951,15.0
10433,19.0
9474,27.0
15209,16.0
13809,24.0
9835,21.0
4761,32.0
2676,28.0
7308,17.0
2076,19.0
12262,24.0
3275,16.0
10615,15.0
526,13.0
16160,11.0
8584,28.0
12674,30.0
14310,27.0
890,16.0
9553,28.0
11929,22.0
10308,21.0
16016,15.0
16573,22.0
3424,24.0
17210,10.0
17892,36.0
5555,30.0
3048,27.0
3065,13.0
17686,20.0
10039,24.0
7207,19.0
17420,28.0
14754,12.0
11108,19.0
4962,22.0
9683,26.0
17696,26.0
8240,19.0
14327,30.0
3044,16.0
2800,29.0
808,26.0
13284,19.0
3705,18.0
11430,13.0
7096,26.0
14525,35.0
9679,16.0
16154,30.0
4861,20.0
18797,22.0
8463,19.0
10154,27.0
436,29.0
14298,12.0
4057,21.0
18516,25.0
6569,23.0
18878,24.0
3460,19.0
8180,25.0
16428,28.0
13674,14.0
650,26.0
13929,27.0
8969,15.0
283,23.0
10342,24.0
10107,34.0
19245,23.0
13455,22.0
3622,15.0
3833,19.0
4074,29.0
7489,21.0
8848,14.0
16150,18.0
4421,14.0
18975,19.0
7615,20.0
17668,19.0
2061,13.0
12978,19.0
17388,25.0
15107,31.0
7612,27.0
6944,29.0
18060,33.0
9735,27.0
4160,21.0
8482,17.0
6880,11.0
12863,14.0
6522,13.0
18639,17.0
6174,13.0
14126,30.0
15527,17.0
14107,19.0
3990,13.0
15875,21.0
12906,16.0
19292,21.0
9931,15.0
440,34.0
13853,24.0
11798,17.0
10471,17.0
7145,21.0
14451,27.0
12264,18.0
1479,16.0
16726,17.0
11838,15.0
4408,16.0
5383,27.0
9315,15.0
16864,15.0
19016,22.0
5111,14.0
18140,20.0
16645,31.0
11127,14.0
10428,24.0
12726,29.0
11156,18.0
11403,23.0
12401,36.0
16135,11.0
9565,17.0
7650,23.0
2243,14.0
9354,26.0
9205,15.0
7021,16.0
16382,18.0
9435,22.0
9980,15.0
18071,15.0
6498,12.0
8238,23.0
6021,20.0
17599,24.0
16602,29.0
15777,25.0
4426,17.0
277,22.0
13602,16.0
10387,22.0
2672,19.0
970,17.0
7465,17.0
276,23.0
12964,16.0
16814,27.0
1018,26.0
13457,29.0
2011,31.0
18279,19.0
17697,44.0
6664,22.0
16831,26.0
14664,17.0
18466,23.0
18900,23.0
16138,28.0
11715,32.0
9244,27.0
14825,24.0
873,16.0
4423,30.0
13209,16.0
11067,36.0
355,20.0
12975,25.0
17214,14.0
17191,36.0
1395,27.0
3807,23.0
6719,13.0
15770,17.0
11362,23.0
5797,18.0
17846,24.0
13642,22.0
18682,13.0
15256,27.0
68,25.0
3643,13.0
1701,21.0
14705,24.0
15576,18.0
5105,24.0
17855,23.0
5557,16.0
19266,30.0
3457,23.0
16890,21.0
4871,29.0
620,16.0
3302,30.0
14374,18.0
2258,21.0
2995,19.0
13978,24.0
5777,27.0
232,16.0
3492,22.0
15368,19.0
4028,20.0
15632,21.0
1732,10.0
5917,21.0
6625,18.0
16478,17.0
15375,16.0
2772,20.0
15382,31.0
671,26.0
11509,14.0
7399,27.0
14738,15.0
16348,19.0
7104,31.0
775,24.0
1172,12.0
16859,22.0
14050,30.0
9982,22.0
15150,26.0
1682,29.0
2229,22.0
8855,22.0
7637,25.0
11451,23.0
4205,27.0
298,22.0
16802,15.0
17485,25.0
1826,29.0
10457,16.0
1869,24.0
12087,22.0
14281,15.0
895,22.0
12862,21.0
12612,22.0
7542,25.0
7290,20.0
7961,12.0
7571,23.0
15869,15.0
15097,29.0
14227,14.0
2637,18.0
16432,27.0
9519,14.0
8031,26.0
18994,26.0
13935,25.0
19038,29.0
3418,15.0
3502,29.0
10368,24.0
10422,18.0
6240,19.0
4188,28.0
10833,20.0
3766,26.0
506,24.0
11523,44.0
8540,16.0
13344,19.0
7950,29.0
10979,16.0
13413,29.0
17645,22.0
6705,24.0
5943,16.0
16255,23.0
10947,28.0
6422,27.0
6065,16.0
7340,14.0
861,21.0
797,23.0
289,20.0
1119,29.0
6840,22.0
18787,24.0
8,26.0
18019,17.0
5413,22.0
15004,15.0
1165,16.0
8892,19.0
2718,33.0
10398,20.0
18147,13.0
1347,22.0
8601,23.0
16556,28.0
2496,26.0
14043,19.0
95,24.0
1526,20.0
2042,44.0
13862,25.0
12838,18.0
6479,26.0
11002,27.0
19050,17.0
9056,13.0
3834,13.0
14941,17.0
8869,15.0
1697,16.0
10777,16.0
